id;data_inversa;dia_semana;horario;uf;br;km;municipio;causa_acidente;tipo_acidente;classificacao_acidente;fase_dia;sentido_via;condicao_metereologica;tipo_pista;tracado_via;uso_solo;pessoas;veiculos
337116;2008-02-01;Sexta;17:30:00;SP;116;159.0;JACAREI;Outras;Colisão com objeto móvel;Com Vítimas Feridas;Pleno dia;Decrescente;Ceu Claro;Dupla;Reta;Urbano;1;1
337125;2008-01-27;Domingo;10:40:00;SP;116;225.0;GUARULHOS;Outras;Colisão com objeto fixo;Sem Vítimas;Pleno dia;Crescente;Ceu Claro;Múltipla;Reta;Urbano;1;1
337126;2008-01-29;Terça;10:30:00;SP;116;226.0;GUARULHOS;Não guardar distância de segurança;Colisão traseira;Sem Vítimas;Pleno dia;Crescente;Chuva;Múltipla;Reta;Rural;3;3
337155;2008-02-01;Sexta;05:30:00;SP;116;224.0;GUARULHOS;Outras;Colisão lateral;Sem Vítimas;Plena noite;Crescente;Nublado;Múltipla;Reta;Rural;2;2
337158;2008-02-01;Sexta;17:20:00;SP;116;215.3;GUARULHOS;Falta de atenção;Colisão lateral;Sem Vítimas;Pleno dia;Crescente;Sol;Múltipla;Reta;Urbano;2;2
337160;2008-02-01;Sexta;01:50:00;SP;116;145.7;SAO JOSE DOS CAMPOS;Não guardar distância de segurança;Colisão traseira;Sem Vítimas;Plena noite;Crescente;Nublado;Dupla;Reta;Urbano;2;2
337170;2008-02-02;Sábado;09:40:00;SP;116;123.2;CACAPAVA;Não guardar distância de segurança;Colisão traseira;Sem Vítimas;Pleno dia;Decrescente;Sol;Dupla;Reta;Urbano;2;2
337267;2008-02-01;Sexta;05:40:00;SP;116;130.0;CACAPAVA;Falta de atenção;Colisão traseira;Sem Vítimas;Plena noite;Decrescente;Nublado;Dupla;Reta;Urbano;2;2
337288;2008-02-01;Sexta;13:30:00;SP;116;219.0;GUARULHOS;Outras;Colisão traseira;Sem Vítimas;Pleno dia;Crescente;Sol;Múltipla;Reta;Urbano;2;2
337334;2008-01-29;Terça;07:30:00;SP;116;135.5;SAO JOSE DOS CAMPOS;Não guardar distância de segurança;Colisão lateral;Sem Vítimas;Pleno dia;Decrescente;Chuva;Dupla;Reta;Rural;2;2
337451;2008-02-03;Domingo;03:00:00;SP;116;157.3;SAO JOSE DOS CAMPOS;Ingestão de álcool;Colisão com objeto fixo;Sem Vítimas;Plena noite;Crescente;Chuva;Dupla;Reta;Urbano;1;1
337513;2008-02-03;Domingo;04:10:00;SP;116;215.4;GUARULHOS;Falta de atenção;Queda de motocicleta / bicicleta / veículo;Com Vítimas Feridas;Plena noite;Crescente;Ceu Claro;Múltipla;Reta;Rural;1;1
337567;2008-02-02;Sábado;00:15:00;SP;116;158.0;JACAREI;Outras;Colisão traseira;Com Vítimas Feridas;Plena noite;Crescente;Ceu Claro;Dupla;Reta;Urbano;3;2
337655;2008-01-29;Terça;20:00:00;SP;116;216.0;GUARULHOS;Outras;Atropelamento de pessoa;Com Vítimas Feridas;Plena noite;Decrescente;Ceu Claro;Simples;Reta;Urbano;2;1
337668;2008-02-03;Domingo;17:00:00;SP;116;180.8;GUARAREMA;Falta de atenção;Capotamento;Com Vítimas Feridas;Pleno dia;Crescente;Sol;Dupla;Reta;Rural;2;1
337685;2008-01-27;Domingo;01:10:00;SP;116;143.5;SAO JOSE DOS CAMPOS;Outras;Capotamento;Sem Vítimas;Plena noite;Decrescente;Ceu Claro;Dupla;Reta;Urbano;1;1
337819;2008-02-02;Sábado;19:30:00;SP;116;228.8;GUARULHOS;Outras;Colisão traseira;Sem Vítimas;Anoitecer;Crescente;Ceu Claro;Múltipla;Reta;Urbano;1;1
337861;2008-02-02;Sábado;13:00:00;SP;116;211.0;GUARULHOS;Outras;Colisão traseira;Sem Vítimas;Pleno dia;Decrescente;Ceu Claro;Múltipla;Reta;Urbano;2;2
337892;2008-01-29;Terça;21:30:00;SP;116;158.0;JACAREI;Falta de atenção;Colisão lateral;Sem Vítimas;Plena noite;Crescente;Chuva;Dupla;Reta;Urbano;2;2
337990;2008-02-01;Sexta;05:20:00;SP;116;214.0;GUARULHOS;Ingestão de álcool;Colisão com objeto fixo;Com Vítimas Feridas;Plena noite;Decrescente;Nublado;Múltipla;Reta;Urbano;2;1
338079;2008-02-03;Domingo;07:55:00;SP;116;132.0;CACAPAVA;Outras;Colisão com objeto fixo;Sem Vítimas;Pleno dia;Decrescente;Chuva;Dupla;Reta;Urbano;2;2
338105;2008-02-04;Segunda;07:30:00;SP;116;145.0;SAO JOSE DOS CAMPOS;Outras;Colisão traseira;Sem Vítimas;Pleno dia;Decrescente;Nublado;Dupla;Reta;Urbano;2;2
338111;2008-02-02;Sábado;16:20:00;SP;116;217.0;GUARULHOS;Falta de atenção;Colisão lateral;Sem Vítimas;Pleno dia;Decrescente;Ceu Claro;Múltipla;Reta;Urbano;2;2
338171;2008-02-03;Domingo;17:30:00;SP;116;211.0;GUARULHOS;Outras;Colisão com objeto fixo;Sem Vítimas;Pleno dia;Crescente;Nublado;Múltipla;Reta;Urbano;1;1
338207;2008-02-01;Sexta;17:20:00;SP;116;157.0;SAO JOSE DOS CAMPOS;Falta de atenção;Colisão traseira;Sem Vítimas;Pleno dia;Decrescente;Ceu Claro;Simples;Reta;Urbano;2;2
338239;2008-02-01;Sexta;18:20:00;SP;116;113.8;TAUBATE;Não guardar distância de segurança;Colisão traseira;Sem Vítimas;Pleno dia;Decrescente;Ceu Claro;Dupla;Reta;Urbano;3;3
338439;2008-02-02;Sábado;17:30:00;SP;116;130.5;CACAPAVA;Outras;Danos Eventuais;Sem Vítimas;Pleno dia;Decrescente;Sol;Dupla;Reta;Rural;2;1
338457;2008-02-06;Quarta;00:40:00;SP;116;178.0;GUARAREMA;Outras;Capotamento;Com Vítimas Feridas;Plena noite;Crescente;Chuva;Dupla;Reta;Rural;2;1
338460;2008-02-01;Sexta;15:45:00;SP;116;120.4;CACAPAVA;Outras;Colisão com objeto fixo;Sem Vítimas;Pleno dia;Decrescente;Sol;Dupla;Reta;Rural;1;1
338465;2008-02-06;Quarta;00:45:00;SP;116;131.0;CACAPAVA;Defeito mecânico em veículo;Capotamento;Sem Vítimas;Plena noite;Crescente;Nublado;Dupla;Reta;Urbano;1;1
338497;2008-01-30;Quarta;14:00:00;SP;116;224.0;GUARULHOS;Falta de atenção;Colisão traseira;Sem Vítimas;Pleno dia;Decrescente;Nublado;Múltipla;Reta;Urbano;3;3
338704;2008-02-06;Quarta;15:15:00;SP;116;139.6;SAO JOSE DOS CAMPOS;Não guardar distância de segurança;Colisão traseira;Sem Vítimas;Pleno dia;Crescente;Nublado;Dupla;Reta;Urbano;3;3
338768;2008-02-01;Sexta;17:55:00;SP;116;160.0;SAO JOSE DOS CAMPOS;Outras;Colisão traseira;Sem Vítimas;Pleno dia;Decrescente;Ceu Claro;Dupla;Reta;Rural;2;2
338779;2008-02-03;Domingo;22:00:00;SP;116;227.0;GUARULHOS;Outras;Capotamento;Sem Vítimas;Plena noite;Crescente;Chuva;Múltipla;Reta;Urbano;1;1
338800;2008-02-06;Quarta;20:20:00;SP;116;210.0;GUARULHOS;Falta de atenção;Colisão lateral;Sem Vítimas;Plena noite;Decrescente;Chuva;Múltipla;Reta;Urbano;2;2
338894;2008-02-06;Quarta;22:05:00;SP;116;225.1;GUARULHOS;Outras;Colisão traseira;Sem Vítimas;Plena noite;Crescente;Chuva;Múltipla;Reta;Urbano;2;2
338914;2008-02-06;Quarta;21:50:00;SP;116;195.0;ARUJA;Falta de atenção;Colisão lateral;Sem Vítimas;Plena noite;Crescente;Chuva;Dupla;Reta;Rural;2;2
339035;2008-02-02;Sábado;16:00:00;SP;116;103.2;TAUBATE;Outras;Tombamento;Sem Vítimas;Pleno dia;Decrescente;Chuva;Dupla;Reta;Rural;1;1
339084;2008-02-07;Quinta;11:00:00;SP;116;169.0;JACAREI;Outras;Colisão traseira;Com Vítimas Feridas;Pleno dia;Decrescente;Nublado;Dupla;Reta;Rural;2;2
339101;2008-02-05;Terça;23:10:00;SP;116;113.9;TAUBATE;Animais na Pista;Atropelamento de animal;Com Vítimas Fatais;Plena noite;Decrescente;Nublado;Dupla;Reta;Urbano;5;2
339149;2008-02-07;Quinta;06:00:00;SP;116;226.1;GUARULHOS;Falta de atenção;Colisão traseira;Sem Vítimas;Amanhecer;Crescente;Chuva;Múltipla;Reta;Urbano;3;3
339152;2008-02-07;Quinta;01:00:00;SP;116;221.3;GUARULHOS;Outras;Colisão com objeto móvel;Sem Vítimas;Plena noite;Decrescente;Chuva;Múltipla;Reta;Urbano;1;1
339410;2008-01-31;Quinta;23:45:00;SP;116;208.0;GUARULHOS;Outras;Colisão traseira;Com Vítimas Fatais;Plena noite;Crescente;Nublado;Dupla;Reta;Rural;2;2
339438;2008-02-07;Quinta;18:00:00;SP;116;156.0;SAO JOSE DOS CAMPOS;Não guardar distância de segurança;Colisão traseira;Sem Vítimas;Plena noite;Decrescente;Chuva;Dupla;Reta;Urbano;4;4
339463;2008-02-07;Quinta;16:00:00;SP;116;131.7;CACAPAVA;Defeito na via;Colisão com objeto fixo;Sem Vítimas;Pleno dia;Crescente;Ceu Claro;Dupla;Reta;Rural;2;2
339477;2008-02-06;Quarta;17:20:00;SP;116;161.8;JACAREI;Defeito mecânico em veículo;Colisão traseira;Com Vítimas Feridas;Pleno dia;Crescente;Nublado;Dupla;Reta;Urbano;2;2
339575;2008-02-02;Sábado;05:00:00;SP;116;212.5;GUARULHOS;Dormindo;Colisão lateral;Sem Vítimas;Plena noite;Crescente;Nublado;Múltipla;Reta;Urbano;2;2
339669;2008-01-31;Quinta;22:10:00;SP;116;163.0;JACAREI;Animais na Pista;Saída de Pista;Sem Vítimas;Plena noite;Crescente;Ceu Claro;Dupla;Reta;Rural;1;1
339674;2008-02-07;Quinta;18:00:00;SP;116;141.0;SAO JOSE DOS CAMPOS;Não guardar distância de segurança;Colisão traseira;Sem Vítimas;Anoitecer;Decrescente;Chuva;Dupla;Reta;Urbano;6;6
339677;2008-02-04;Segunda;21:50:00;SP;116;192.2;ARUJA;Outras;Colisão lateral;Sem Vítimas;Plena noite;Decrescente;Ceu Claro;Dupla;Reta;Rural;2;2
339682;2008-02-07;Quinta;17:00:00;SP;116;177.3;GUARAREMA;Outras;Colisão lateral;Sem Vítimas;Pleno dia;Decrescente;Nublado;Dupla;Reta;Rural;2;2
339683;2008-02-03;Domingo;19:00:00;SP;116;226.0;GUARULHOS;Falta de atenção;Colisão traseira;Com Vítimas Feridas;Anoitecer;Decrescente;Chuva;Múltipla;Reta;Urbano;2;2
339690;2008-02-07;Quinta;17:00:00;SP;116;177.5;GUARAREMA;Velocidade incompatível;Colisão com objeto fixo;Sem Vítimas;Pleno dia;Crescente;Chuva;Dupla;Curva;Rural;1;1
339956;2008-02-09;Sábado;12:00:00;SP;116;154.2;SAO JOSE DOS CAMPOS;Defeito na via;Colisão com objeto móvel;Sem Vítimas;Pleno dia;Crescente;Ceu Claro;Dupla;Reta;Urbano;1;1
340009;2008-02-05;Terça;15:45:00;SP;116;146.2;SAO JOSE DOS CAMPOS;Outras;Colisão traseira;Sem Vítimas;Pleno dia;Crescente;Ceu Claro;Dupla;Reta;Urbano;2;2
340023;2008-02-09;Sábado;12:30:00;SP;116;199.2;ARUJA;Desobediência à sinalização;Atropelamento de pessoa;Com Vítimas Feridas;Pleno dia;Decrescente;Sol;Múltipla;Reta;Rural;2;1
340036;2008-02-09;Sábado;02:20:00;SP;116;148.5;SAO JOSE DOS CAMPOS;Outras;Colisão traseira;Com Vítimas Feridas;Plena noite;Decrescente;Nublado;Múltipla;Reta;Urbano;3;2
340109;2008-02-09;Sábado;18:45:00;SP;116;165.1;JACAREI;Velocidade incompatível;Colisão traseira;Sem Vítimas;Pleno dia;Decrescente;Ceu Claro;Múltipla;Reta;Rural;2;2
340127;2008-02-09;Sábado;08:50:00;SP;116;105.8;TAUBATE;Não guardar distância de segurança;Colisão traseira;Sem Vítimas;Pleno dia;Decrescente;Ceu Claro;Dupla;Reta;Rural;2;2
340147;2008-02-09;Sábado;11:20:00;SP;116;150.2;SAO JOSE DOS CAMPOS;Outras;Atropelamento de pessoa;Com Vítimas Fatais;Plena noite;Decrescente;Chuva;Múltipla;Reta;Urbano;2;1
340175;2008-02-05;Terça;18:00:00;SP;116;227.9;SAO PAULO;Defeito mecânico em veículo;Colisão com objeto fixo;Sem Vítimas;Anoitecer;Decrescente;Chuva;Dupla;Reta;Urbano;1;1
340211;2008-02-09;Sábado;23:05:00;SP;116;222.7;GUARULHOS;Outras;Colisão com objeto fixo;Com Vítimas Feridas;Plena noite;Crescente;Chuva;Múltipla;Reta;Urbano;1;1
340336;2008-02-06;Quarta;10:00:00;SP;116;107.7;TAUBATE;Falta de atenção;Colisão traseira;Sem Vítimas;Pleno dia;Decrescente;Sol;Dupla;Reta;Urbano;2;2
340349;2008-02-05;Terça;20:55:00;SP;116;165.0;JACAREI;Outras;Colisão traseira;Sem Vítimas;Plena noite;Crescente;Ceu Claro;Múltipla;Reta;Rural;2;2
340384;2008-02-08;Sexta;13:45:00;SP;116;226.0;GUARULHOS;Falta de atenção;Colisão lateral;Sem Vítimas;Pleno dia;Crescente;Ceu Claro;Múltipla;Reta;Urbano;2;2
340435;2008-02-10;Domingo;16:42:00;SP;116;144.5;SAO JOSE DOS CAMPOS;Outras;Colisão traseira;Sem Vítimas;Pleno dia;Crescente;Nublado;Dupla;Reta;Urbano;4;4
340436;2008-02-10;Domingo;18:15:00;SP;116;151.6;SAO JOSE DOS CAMPOS;Outras;Capotamento;Com Vítimas Feridas;Pleno dia;Decrescente;Nublado;Dupla;Reta;Urbano;2;1
340441;2008-02-10;Domingo;17:40:00;SP;116;151.5;SAO JOSE DOS CAMPOS;Outras;Colisão lateral;Sem Vítimas;Pleno dia;Crescente;Ceu Claro;Dupla;Reta;Urbano;2;2
340460;2008-02-10;Domingo;17:30:00;SP;116;167.0;JACAREI;Falta de atenção;Colisão com objeto fixo;Sem Vítimas;Pleno dia;Decrescente;Nublado;Dupla;Reta;Urbano;2;2
340469;2008-02-09;Sábado;03:30:00;SP;116;199.0;ARUJA;Outras;Colisão com objeto fixo;Sem Vítimas;Plena noite;Crescente;Ceu Claro;Dupla;Reta;Urbano;1;1
340482;2008-02-08;Sexta;15:00:00;SP;116;117.8;TAUBATE;Outras;Colisão com objeto fixo;Sem Vítimas;Pleno dia;Crescente;Chuva;Dupla;Reta;Rural;1;1
340557;2008-02-10;Domingo;20:02:00;SP;116;212.4;GUARULHOS;Outras;Colisão traseira;Sem Vítimas;Plena noite;Crescente;Chuva;Múltipla;Reta;Urbano;2;2
340560;2008-02-08;Sexta;16:15:00;SP;116;224.0;GUARULHOS;Falta de atenção;Colisão lateral;Sem Vítimas;Pleno dia;Decrescente;Sol;Múltipla;Reta;Urbano;3;3
340609;2008-02-08;Sexta;17:50:00;SP;116;218.9;GUARULHOS;Não guardar distância de segurança;Colisão traseira;Sem Vítimas;Pleno dia;Decrescente;Nublado;Múltipla;Reta;Urbano;2;2
340633;2008-02-08;Sexta;20:00:00;SP;116;218.0;GUARULHOS;Falta de atenção;Colisão traseira;Sem Vítimas;Pleno dia;Decrescente;Nublado;Múltipla;Reta;Urbano;2;2
340646;2008-02-06;Quarta;14:00:00;SP;116;143.5;SAO JOSE DOS CAMPOS;Outras;Colisão traseira;Com Vítimas Feridas;Pleno dia;Crescente;Nublado;Dupla;Reta;Urbano;6;3
340774;2008-02-08;Sexta;15:10:00;SP;116;118.5;TAUBATE;Não guardar distância de segurança;Colisão traseira;Sem Vítimas;Pleno dia;Crescente;Chuva;Dupla;Reta;Rural;2;2
340789;2008-02-07;Quinta;16:20:00;SP;116;145.3;SAO JOSE DOS CAMPOS;Outras;Colisão traseira;Com Vítimas Feridas;Pleno dia;Decrescente;Ceu Claro;Dupla;Reta;Urbano;2;2
340795;2008-02-11;Segunda;08:40:00;SP;116;145.0;SAO JOSE DOS CAMPOS;Outras;Colisão traseira;Sem Vítimas;Pleno dia;Crescente;Ceu Claro;Dupla;Reta;Urbano;2;2
340830;2008-02-10;Domingo;23:50:00;SP;116;195.0;ARUJA;Falta de atenção;Colisão lateral;Sem Vítimas;Plena noite;Crescente;Ceu Claro;Dupla;Reta;Urbano;2;2
340880;2008-02-11;Segunda;17:15:00;SP;116;143.3;SAO JOSE DOS CAMPOS;Desobediência à sinalização;Capotamento;Com Vítimas Feridas;Pleno dia;Decrescente;Nublado;Dupla;Reta;Urbano;2;2
340946;2008-02-11;Segunda;07:20:00;SP;116;210.0;GUARULHOS;Outras;Colisão lateral;Sem Vítimas;Pleno dia;Crescente;Ceu Claro;Múltipla;Reta;Urbano;3;3
340962;2008-02-10;Domingo;21:40:00;SP;116;220.0;GUARULHOS;Outras;Colisão traseira;Sem Vítimas;Plena noite;Decrescente;Chuva;Múltipla;Reta;Urbano;2;2
341145;2008-02-12;Terça;09:35:00;SP;116;218.0;GUARULHOS;Desobediência à sinalização;Colisão traseira;Sem Vítimas;Pleno dia;Crescente;Ceu Claro;Múltipla;Reta;Urbano;2;2
341171;2008-02-12;Terça;15:30:00;SP;116;210.0;GUARULHOS;Falta de atenção;Colisão traseira;Sem Vítimas;Pleno dia;Decrescente;Ceu Claro;Múltipla;Reta;Urbano;2;2
341192;2008-02-11;Segunda;14:00:00;SP;116;107.0;TAUBATE;Desobediência à sinalização;Colisão lateral;Sem Vítimas;Pleno dia;Crescente;Ceu Claro;Simples;Cruzamento;Urbano;2;2
341249;2008-02-11;Segunda;15:38:00;SP;116;125.2;CACAPAVA;Outras;Capotamento;Com Vítimas Feridas;Pleno dia;Decrescente;Chuva;Dupla;Reta;Rural;2;1
341253;2008-02-09;Sábado;05:55:00;SP;116;204.0;ARUJA;Falta de atenção;Colisão com objeto móvel;Com Vítimas Feridas;Plena noite;Crescente;Ceu Claro;Múltipla;Reta;Urbano;1;1
341287;2008-02-12;Terça;18:40:00;SP;116;157.0;SAO JOSE DOS CAMPOS;Outras;Colisão traseira;Sem Vítimas;Anoitecer;Decrescente;Chuva;Dupla;Reta;Urbano;2;2
341334;2008-02-12;Terça;22:45:00;SP;116;218.2;GUARULHOS;Outras;Colisão lateral;Sem Vítimas;Plena noite;Decrescente;Chuva;Múltipla;Reta;Urbano;2;2
341377;2008-02-12;Terça;19:30:00;SP;116;214.2;GUARULHOS;Outras;Colisão com objeto fixo;Sem Vítimas;Plena noite;Decrescente;Chuva;Múltipla;Reta;Urbano;3;3
341415;2008-02-07;Quinta;15:40:00;SP;116;228.8;SAO PAULO;Falta de atenção;Colisão traseira;Sem Vítimas;Pleno dia;Decrescente;Chuva;Múltipla;Reta;Urbano;2;2
341434;2008-02-08;Sexta;08:10:00;SP;116;226.3;GUARULHOS;Falta de atenção;Colisão lateral;Com Vítimas Feridas;Pleno dia;Crescente;Sol;Múltipla;Reta;Urbano;3;3
341438;2008-02-09;Sábado;06:00:00;SP;116;229.0;SAO PAULO;Falta de atenção;Saída de Pista;Sem Vítimas;Amanhecer;Decrescente;Nublado;Múltipla;Reta;Urbano;1;1
341442;2008-02-11;Segunda;17:30:00;SP;116;209.0;GUARULHOS;Falta de atenção;Colisão traseira;Sem Vítimas;Pleno dia;Crescente;Chuva;Múltipla;Reta;Urbano;3;3
341450;2008-02-11;Segunda;10:20:00;SP;116;222.0;GUARULHOS;Falta de atenção;Colisão traseira;Sem Vítimas;Pleno dia;Decrescente;Ceu Claro;Múltipla;Reta;Urbano;2;2
341468;2008-02-11;Segunda;06:53:00;SP;116;218.5;GUARULHOS;Falta de atenção;Queda de motocicleta / bicicleta / veículo;Com Vítimas Feridas;Amanhecer;Crescente;Ceu Claro;Múltipla;Reta;Urbano;1;1
341469;2008-02-10;Domingo;04:30:00;SP;116;125.6;CACAPAVA;Animais na Pista;Atropelamento de animal;Sem Vítimas;Plena noite;Crescente;Ignorada;Dupla;Reta;Urbano;1;1
341476;2008-02-12;Terça;14:00:00;SP;116;208.0;GUARULHOS;Falta de atenção;Colisão traseira;Com Vítimas Feridas;Pleno dia;Decrescente;Ceu Claro;Múltipla;Reta;Urbano;3;3
341480;2008-02-09;Sábado;08:40:00;SP;116;165.2;JACAREI;Velocidade incompatível;Colisão traseira;Sem Vítimas;Pleno dia;Decrescente;Nublado;Múltipla;Reta;Rural;3;3
341573;2008-02-12;Terça;15:50:00;SP;116;217.0;GUARULHOS;Falta de atenção;Colisão lateral;Com Vítimas Feridas;Pleno dia;Decrescente;Ceu Claro;Múltipla;Reta;Urbano;1;1
341665;2008-02-13;Quarta;22:15:00;SP;116;222.0;GUARULHOS;Outras;Colisão traseira;Sem Vítimas;Plena noite;Decrescente;Nublado;Múltipla;Reta;Urbano;2;2
341675;2008-02-10;Domingo;06:00:00;SP;116;151.5;SAO JOSE DOS CAMPOS;Velocidade incompatível;Colisão traseira;Com Vítimas Fatais;Plena noite;Decrescente;Chuva;Dupla;Reta;Urbano;2;2
341694;2008-02-07;Quinta;05:15:00;SP;116;228.9;SAO PAULO;Defeito mecânico em veículo;Colisão traseira;Com Vítimas Feridas;Amanhecer;Crescente;Ceu Claro;Múltipla;Reta;Urbano;4;3
341750;2008-02-09;Sábado;12:30:00;SP;116;206.0;GUARULHOS;Outras;Colisão traseira;Sem Vítimas;Pleno dia;Decrescente;Ceu Claro;Múltipla;Reta;Urbano;2;2
341969;2008-02-11;Segunda;08:40:00;SP;116;156.0;SAO JOSE DOS CAMPOS;Outras;Colisão lateral;Sem Vítimas;Pleno dia;Decrescente;Sol;Dupla;Reta;Urbano;2;2
341986;2008-02-11;Segunda;21:15:00;SP;116;161.0;JACAREI;Outras;Colisão lateral;Com Vítimas Feridas;Plena noite;Decrescente;Nublado;Simples;Curva;Urbano;2;2
341989;2008-02-14;Quinta;14:20:00;SP;116;110.2;TAUBATE;Falta de atenção;Colisão traseira;Com Vítimas Feridas;Pleno dia;Crescente;Ceu Claro;Dupla;Reta;Urbano;2;2
342032;2008-02-13;Quarta;05:40:00;SP;116;122.0;CACAPAVA;Dormindo;Colisão traseira;Sem Vítimas;Plena noite;Crescente;Nublado;Dupla;Reta;Rural;2;2
342041;2008-02-14;Quinta;16:20:00;SP;116;144.5;SAO JOSE DOS CAMPOS;Outras;Colisão traseira;Sem Vítimas;Pleno dia;Crescente;Ceu Claro;Dupla;Reta;Urbano;3;3
342061;2008-02-14;Quinta;23:50:00;SP;116;134.2;SAO JOSE DOS CAMPOS;Outras;Colisão com objeto móvel;Sem Vítimas;Plena noite;Decrescente;Nublado;Dupla;Reta;Urbano;2;2
342071;2008-02-11;Segunda;17:15:00;SP;116;212.0;GUARULHOS;Falta de atenção;Colisão traseira;Com Vítimas Feridas;Pleno dia;Crescente;Sol;Múltipla;Reta;Urbano;3;2
342080;2008-02-12;Terça;17:00:00;SP;116;228.0;SAO PAULO;Não guardar distância de segurança;Colisão traseira;Sem Vítimas;Pleno dia;Crescente;Ceu Claro;Múltipla;Reta;Urbano;2;2
342082;2008-02-14;Quinta;21:50:00;SP;116;218.0;GUARULHOS;Falta de atenção;Colisão lateral;Sem Vítimas;Plena noite;Decrescente;Nublado;Múltipla;Reta;Urbano;2;2
342093;2008-02-15;Sexta;01:14:00;SP;116;171.8;JACAREI;Dormindo;Colisão com objeto fixo;Sem Vítimas;Plena noite;Decrescente;Ceu Claro;Dupla;Reta;Rural;1;1
342131;2008-02-12;Terça;21:30:00;SP;116;117.4;TAUBATE;Outras;Colisão com objeto fixo;Sem Vítimas;Plena noite;Crescente;Nublado;Dupla;Reta;Urbano;2;2
342155;2008-02-10;Domingo;06:40:00;SP;116;157.4;SAO JOSE DOS CAMPOS;Falta de atenção;Colisão com bicicleta;Com Vítimas Feridas;Pleno dia;Decrescente;Ceu Claro;Dupla;Reta;Urbano;2;2
342176;2008-02-15;Sexta;08:00:00;SP;116;204.3;ARUJA;Outras;Danos Eventuais;Sem Vítimas;Pleno dia;Decrescente;Sol;Dupla;Reta;Rural;1;1
342229;2008-02-14;Quinta;21:30:00;SP;116;221.0;GUARULHOS;Falta de atenção;Colisão lateral;Sem Vítimas;Plena noite;Decrescente;Ceu Claro;Múltipla;Reta;Urbano;2;2
342234;2008-02-12;Terça;04:30:00;SP;116;201.0;ARUJA;Falta de atenção;Colisão traseira;Sem Vítimas;Plena noite;Crescente;Ceu Claro;Dupla;Reta;Urbano;2;2
342281;2008-02-11;Segunda;18:30:00;SP;116;189.0;SANTA ISABEL;Outras;Colisão traseira;Sem Vítimas;Pleno dia;Decrescente;Ceu Claro;Dupla;Reta;Urbano;2;2
342350;2008-02-12;Terça;04:05:00;SP;116;100.8;PINDAMONHANGABA;Defeito mecânico em veículo;Colisão com objeto móvel;Sem Vítimas;Plena noite;Crescente;Ceu Claro;Dupla;Reta;Rural;2;2
342356;2008-02-13;Quarta;13:40:00;SP;116;221.0;GUARULHOS;Outras;Colisão traseira;Sem Vítimas;Pleno dia;Crescente;Ceu Claro;Múltipla;Reta;Urbano;2;2
342367;2008-02-11;Segunda;10:00:00;SP;116;206.0;ARUJA;Defeito mecânico em veículo;Danos Eventuais;Sem Vítimas;Pleno dia;Decrescente;Ceu Claro;Dupla;Reta;Urbano;1;1
342390;2008-02-15;Sexta;22:40:00;SP;116;117.0;TAUBATE;Outras;Colisão com objeto fixo;Sem Vítimas;Plena noite;Decrescente;Ceu Claro;Dupla;Reta;Rural;1;1
342436;2008-02-16;Sábado;00:20:00;SP;116;229.0;SAO PAULO;Falta de atenção;Colisão lateral;Sem Vítimas;Plena noite;Crescente;Nublado;Múltipla;Reta;Urbano;2;2
342512;2008-02-15;Sexta;09:50:00;SP;116;187.0;SANTA ISABEL;Outras;Tombamento;Sem Vítimas;Pleno dia;Decrescente;Sol;Dupla;Reta;Rural;1;1
342523;2008-02-16;Sábado;02:00:00;SP;116;185.8;SANTA ISABEL;Outras;Incêndio;Sem Vítimas;Plena noite;Crescente;Ceu Claro;Dupla;Reta;Rural;1;1
342546;2008-02-14;Quinta;12:05:00;SP;116;219.0;GUARULHOS;Outras;Queda de motocicleta / bicicleta / veículo;Com Vítimas Fatais;Pleno dia;Decrescente;Sol;Múltipla;Reta;Urbano;1;1
342551;2008-02-14;Quinta;13:00:00;SP;116;219.2;GUARULHOS;Falta de atenção;Colisão lateral;Com Vítimas Feridas;Pleno dia;Decrescente;Sol;Múltipla;Reta;Urbano;2;2
342552;2008-02-15;Sexta;22:20:00;SP;116;176.1;GUARAREMA;Outras;Capotamento;Com Vítimas Feridas;Plena noite;Crescente;Ceu Claro;Dupla;Reta;Rural;3;1
342664;2008-02-14;Quinta;00:20:00;SP;116;147.4;SAO JOSE DOS CAMPOS;Falta de atenção;Colisão lateral;Sem Vítimas;Plena noite;Crescente;Nublado;Múltipla;Reta;Urbano;2;2
342719;2008-02-13;Quarta;15:00:00;SP;116;225.0;GUARULHOS;Falta de atenção;Colisão traseira;Com Vítimas Feridas;Pleno dia;Decrescente;Ceu Claro;Múltipla;Reta;Urbano;2;2
342740;2008-02-12;Terça;23:40:00;SP;116;181.0;GUARAREMA;Outras;Colisão lateral;Sem Vítimas;Plena noite;Decrescente;Chuva;Dupla;Reta;Rural;2;2
342746;2008-02-16;Sábado;09:20:00;SP;116;123.5;CACAPAVA;Outras;Saída de Pista;Com Vítimas Feridas;Pleno dia;Crescente;Sol;Dupla;Reta;Rural;2;1