id;data_inversa;dia_semana;horario;uf;br;km;municipio;causa_acidente;tipo_acidente;classificacao_acidente;fase_dia;sentido_via;condicao_metereologica;tipo_pista;tracado_via;uso_solo;pessoas;veiculos
351847;2008-03-11;Terça;06:00:00;SP;116;199.8;ARUJA;Falta de atenção;Colisão lateral;Sem Vítimas;Amanhecer;Crescente;Chuva;Dupla;Reta;Urbano;2;2
351859;2008-03-09;Domingo;18:20:00;SP;116;198.0;ARUJA;Falta de atenção;Colisão traseira;Sem Vítimas;Anoitecer;Crescente;Nublado;Dupla;Reta;Urbano;2;2
351883;2008-03-10;Segunda;18:20:00;SP;116;222.0;GUARULHOS;Falta de atenção;Colisão lateral;Com Vítimas Feridas;Anoitecer;Decrescente;Chuva;Múltipla;Reta;Urbano;2;2
351891;2008-03-11;Terça;18:30:00;SP;116;221.0;GUARULHOS;Falta de atenção;Colisão traseira;Com Vítimas Feridas;Anoitecer;Crescente;Chuva;Múltipla;Reta;Urbano;2;2
351946;2008-03-12;Quarta;12:10:00;SP;116;126.3;CACAPAVA;Falta de atenção;Colisão com objeto fixo;Sem Vítimas;Pleno dia;Decrescente;Sol;Dupla;Reta;Urbano;2;2
351969;2008-03-08;Sábado;10:20:00;SP;116;225.1;GUARULHOS;Falta de atenção;Colisão lateral;Sem Vítimas;Pleno dia;Crescente;Ceu Claro;Múltipla;Reta;Urbano;3;3
351978;2008-03-11;Terça;16:40:00;SP;116;209.0;GUARULHOS;Outras;Colisão com objeto móvel;Sem Vítimas;Pleno dia;Decrescente;Ceu Claro;Múltipla;Reta;Urbano;2;2
351984;2008-03-09;Domingo;16:00:00;SP;116;218.9;GUARULHOS;Falta de atenção;Colisão lateral;Com Vítimas Feridas;Pleno dia;Decrescente;Chuva;Múltipla;Reta;Urbano;4;2
351995;2008-03-10;Segunda;06:00:00;SP;116;214.0;GUARULHOS;Outras;Colisão com objeto móvel;Sem Vítimas;Pleno dia;Crescente;Ceu Claro;Múltipla;Reta;Urbano;1;1
352021;2008-03-12;Quarta;14:30:00;SP;116;212.5;GUARULHOS;Outras;Colisão com objeto fixo;Sem Vítimas;Pleno dia;Decrescente;Chuva;Múltipla;Reta;Urbano;1;1
352138;2008-03-09;Domingo;16:30:00;SP;116;208.0;GUARULHOS;Não guardar distância de segurança;Colisão traseira;Sem Vítimas;Pleno dia;Crescente;Sol;Dupla;Reta;Urbano;3;3
352219;2008-03-12;Quarta;16:30:00;SP;116;165.0;JACAREI;Outras;Danos Eventuais;Sem Vítimas;Pleno dia;Decrescente;Chuva;Múltipla;Reta;Urbano;1;1
352272;2008-03-10;Segunda;09:30:00;SP;116;180.8;GUARAREMA;Outras;Colisão traseira;Sem Vítimas;Pleno dia;Crescente;Sol;Múltipla;Reta;Rural;2;2
352312;2008-03-11;Terça;13:05:00;SP;116;156.0;SAO JOSE DOS CAMPOS;Outras;Queda de motocicleta / bicicleta / veículo;Com Vítimas Feridas;Pleno dia;Decrescente;Sol;Dupla;Reta;Urbano;1;1
352339;2008-03-11;Terça;19:10:00;SP;116;146.5;SAO JOSE DOS CAMPOS;Outras;Colisão traseira;Sem Vítimas;Plena noite;Crescente;Chuva;Dupla;Reta;Urbano;2;2
352349;2008-03-11;Terça;23:15:00;SP;116;158.0;SAO JOSE DOS CAMPOS;Outras;Colisão com objeto fixo;Sem Vítimas;Plena noite;Decrescente;Nublado;Dupla;Reta;Urbano;1;1
352358;2008-03-11;Terça;07:40:00;SP;116;204.0;ARUJA;Não guardar distância de segurança;Colisão traseira;Sem Vítimas;Pleno dia;Crescente;Nublado;Dupla;Reta;Rural;2;2
352415;2008-03-13;Quinta;01:40:00;SP;116;229.0;SAO PAULO;Defeito mecânico em veículo;Colisão com objeto fixo;Sem Vítimas;Plena noite;Crescente;Chuva;Múltipla;Reta;Urbano;1;1
352422;2008-03-13;Quinta;18:30:00;SP;116;165.3;JACAREI;Falta de atenção;Colisão lateral;Sem Vítimas;Plena noite;Crescente;Chuva;Múltipla;Reta;Rural;3;3
352430;2008-03-13;Quinta;18:20:00;SP;116;151.6;SAO JOSE DOS CAMPOS;Outras;Colisão lateral;Com Vítimas Feridas;Anoitecer;Decrescente;Chuva;Dupla;Reta;Urbano;2;2
352468;2008-03-13;Quinta;15:00:00;SP;116;229.4;SAO PAULO;Ultrapassagem indevida;Colisão lateral;Com Vítimas Feridas;Pleno dia;Crescente;Chuva;Múltipla;Reta;Urbano;2;2
352473;2008-03-12;Quarta;18:00:00;SP;116;160.0;JACAREI;Velocidade incompatível;Capotamento;Com Vítimas Feridas;Anoitecer;Crescente;Ceu Claro;Simples;Reta;Urbano;2;1
352513;2008-03-10;Segunda;16:28:00;SP;116;225.3;GUARULHOS;Outras;Colisão com objeto fixo;Sem Vítimas;Pleno dia;Decrescente;Chuva;Múltipla;Reta;Urbano;1;1
352517;2008-03-11;Terça;14:20:00;SP;116;220.0;GUARULHOS;Outras;Queda de motocicleta / bicicleta / veículo;Com Vítimas Feridas;Pleno dia;Decrescente;Sol;Múltipla;Reta;Urbano;2;2
352546;2008-03-14;Sexta;05:15:00;SP;116;139.9;SAO JOSE DOS CAMPOS;Outras;Colisão lateral;Sem Vítimas;Plena noite;Decrescente;Nublado;Dupla;Reta;Urbano;2;2
352557;2008-03-10;Segunda;12:33:00;SP;116;111.5;TAUBATE;Defeito mecânico em veículo;Colisão com objeto fixo;Sem Vítimas;Pleno dia;Crescente;Ceu Claro;Dupla;Reta;Urbano;2;2
352606;2008-03-13;Quinta;04:00:00;SP;116;213.0;GUARULHOS;Dormindo;Colisão traseira;Sem Vítimas;Plena noite;Decrescente;Chuva;Múltipla;Reta;Urbano;2;2
352650;2008-03-11;Terça;21:15:00;SP;116;114.0;TAUBATE;Falta de atenção;Colisão traseira;Com Vítimas Feridas;Plena noite;Decrescente;Ceu Claro;Dupla;Reta;Urbano;2;2
352662;2008-03-09;Domingo;14:00:00;SP;116;223.0;GUARULHOS;Outras;Colisão traseira;Com Vítimas Feridas;Pleno dia;Decrescente;Chuva;Múltipla;Reta;Urbano;3;3
352682;2008-03-14;Sexta;12:30:00;SP;116;199.2;ARUJA;Falta de atenção;Colisão lateral;Sem Vítimas;Pleno dia;Crescente;Nublado;Dupla;Reta;Urbano;2;2
352838;2008-03-14;Sexta;17:40:00;SP;116;117.9;TAUBATE;Outras;Colisão com objeto fixo;Sem Vítimas;Anoitecer;Decrescente;Chuva;Dupla;Reta;Urbano;1;1
352922;2008-03-14;Sexta;20:50:00;SP;116;116.9;TAUBATE;Outras;Colisão traseira;Sem Vítimas;Plena noite;Crescente;Chuva;Dupla;Reta;Urbano;2;2
352928;2008-03-14;Sexta;20:45:00;SP;116;117.1;TAUBATE;Outras;Colisão traseira;Com Vítimas Feridas;Plena noite;Crescente;Chuva;Dupla;Reta;Urbano;2;2
352929;2008-03-12;Quarta;17:20:00;SP;116;143.5;SAO JOSE DOS CAMPOS;Falta de atenção;Colisão traseira;Sem Vítimas;Anoitecer;Crescente;Ceu Claro;Dupla;Reta;Urbano;2;2
353024;2008-03-12;Quarta;05:14:00;SP;116;178.1;GUARAREMA;Outras;Colisão traseira;Sem Vítimas;Plena noite;Crescente;Chuva;Dupla;Reta;Rural;2;2
353040;2008-03-14;Sexta;03:30:00;SP;116;144.7;SAO JOSE DOS CAMPOS;Falta de atenção;Colisão traseira;Sem Vítimas;Plena noite;Crescente;Chuva;Múltipla;Reta;Urbano;2;2
353093;2008-03-12;Quarta;21:00:00;SP;116;220.0;GUARULHOS;Falta de atenção;Colisão traseira;Sem Vítimas;Plena noite;Crescente;Nublado;Múltipla;Reta;Urbano;2;2
353106;2008-03-15;Sábado;09:30:00;SP;116;220.0;GUARULHOS;Outras;Colisão traseira;Sem Vítimas;Pleno dia;Crescente;Chuva;Múltipla;Reta;Urbano;3;3
353201;2008-03-15;Sábado;13:00:00;SP;116;118.6;TAUBATE;Outras;Colisão com objeto fixo;Sem Vítimas;Pleno dia;Crescente;Chuva;Dupla;Reta;Rural;1;1
353310;2008-03-13;Quinta;07:30:00;SP;116;220.0;GUARULHOS;Falta de atenção;Colisão traseira;Sem Vítimas;Pleno dia;Decrescente;Nublado;Múltipla;Reta;Urbano;3;3
353331;2008-03-15;Sábado;20:45:00;SP;116;227.4;GUARULHOS;Outras;Colisão lateral;Sem Vítimas;Plena noite;Crescente;Nublado;Simples;Reta;Urbano;2;2
353354;2008-03-12;Quarta;06:50:00;SP;116;217.0;GUARULHOS;Falta de atenção;Colisão lateral;Sem Vítimas;Pleno dia;Crescente;Nublado;Dupla;Reta;Rural;2;2
353358;2008-03-12;Quarta;09:55:00;SP;116;210.4;GUARULHOS;Outras;Colisão traseira;Sem Vítimas;Pleno dia;Decrescente;Ceu Claro;Dupla;Reta;Urbano;4;4
353360;2008-03-15;Sábado;20:00:00;SP;116;219.0;GUARULHOS;Falta de atenção;Colisão traseira;Sem Vítimas;Plena noite;Decrescente;Chuva;Múltipla;Reta;Rural;2;2
353363;2008-03-15;Sábado;20:40:00;SP;116;216.9;GUARULHOS;Defeito mecânico em veículo;Colisão traseira;Sem Vítimas;Plena noite;Decrescente;Nublado;Múltipla;Reta;Urbano;4;4
353375;2008-03-12;Quarta;15:00:00;SP;116;212.0;GUARULHOS;Outras;Colisão traseira;Com Vítimas Feridas;Pleno dia;Crescente;Chuva;Múltipla;Reta;Urbano;5;5
353454;2008-03-14;Sexta;18:30:00;SP;116;144.0;SAO JOSE DOS CAMPOS;Outras;Colisão lateral;Sem Vítimas;Anoitecer;Decrescente;Ceu Claro;Dupla;Reta;Urbano;2;2
353619;2008-03-13;Quinta;14:28:00;SP;116;193.8;SANTA ISABEL;Outras;Colisão com objeto fixo;Sem Vítimas;Pleno dia;Decrescente;Chuva;Dupla;Reta;Rural;1;1
353629;2008-03-12;Quarta;19:45:00;SP;116;225.5;GUARULHOS;Falta de atenção;Colisão traseira;Sem Vítimas;Plena noite;Crescente;Nublado;Múltipla;Reta;Urbano;2;2
353638;2008-03-16;Domingo;15:10:00;SP;116;224.2;GUARULHOS;Falta de atenção;Colisão traseira;Sem Vítimas;Pleno dia;Decrescente;Nublado;Múltipla;Reta;Urbano;2;2
353648;2008-03-16;Domingo;17:30:00;SP;116;144.0;SAO JOSE DOS CAMPOS;Outras;Colisão traseira;Sem Vítimas;Pleno dia;Crescente;Chuva;Dupla;Reta;Urbano;2;2
353678;2008-03-16;Domingo;20:20:00;SP;116;204.0;ARUJA;Falta de atenção;Colisão traseira;Sem Vítimas;Plena noite;Decrescente;Chuva;Dupla;Reta;Urbano;2;2
353681;2008-03-16;Domingo;05:40:00;SP;116;204.0;ARUJA;Falta de atenção;Colisão traseira;Sem Vítimas;Amanhecer;Decrescente;Ceu Claro;Múltipla;Reta;Urbano;3;3
353734;2008-03-16;Domingo;20:00:00;SP;116;223.1;GUARULHOS;Outras;Colisão com objeto fixo;Sem Vítimas;Plena noite;Crescente;Chuva;Múltipla;Reta;Urbano;1;1
353735;2008-03-16;Domingo;23:15:00;SP;116;226.8;GUARULHOS;Outras;Colisão lateral;Sem Vítimas;Plena noite;Decrescente;Chuva;Múltipla;Reta;Urbano;2;2
353744;2008-03-16;Domingo;02:30:00;SP;116;222.8;GUARULHOS;Falta de atenção;Capotamento;Com Vítimas Feridas;Plena noite;Decrescente;Nublado;Múltipla;Reta;Urbano;1;1
353792;2008-03-16;Domingo;19:00:00;SP;116;155.5;SAO JOSE DOS CAMPOS;Não guardar distância de segurança;Colisão traseira;Sem Vítimas;Plena noite;Decrescente;Chuva;Dupla;Reta;Urbano;7;7
353853;2008-03-15;Sábado;05:28:00;SP;116;133.7;CACAPAVA;Outras;Colisão traseira;Sem Vítimas;Amanhecer;Decrescente;Chuva;Dupla;Reta;Urbano;2;2
353863;2008-03-15;Sábado;16:40:00;SP;116;151.0;SAO JOSE DOS CAMPOS;Defeito mecânico em veículo;Colisão traseira;Sem Vítimas;Pleno dia;Crescente;Chuva;Dupla;Reta;Urbano;2;2
353873;2008-03-14;Sexta;10:50:00;SP;116;176.7;GUARAREMA;Outras;Colisão com objeto fixo;Com Vítimas Feridas;Pleno dia;Decrescente;Chuva;Dupla;Reta;Urbano;4;2
353999;2008-03-17;Segunda;11:20:00;SP;116;193.0;SANTA ISABEL;Outras;Colisão traseira;Sem Vítimas;Pleno dia;Decrescente;Chuva;Dupla;Reta;Rural;2;2
354011;2008-03-17;Segunda;12:40:00;SP;116;171.0;JACAREI;Defeito mecânico em veículo;Colisão com objeto fixo;Sem Vítimas;Pleno dia;Decrescente;Chuva;Dupla;Reta;Rural;2;2
354015;2008-03-13;Quinta;22:15:00;SP;116;109.3;TAUBATE;Outras;Colisão com objeto fixo;Com Vítimas Feridas;Plena noite;Decrescente;Chuva;Dupla;Reta;Urbano;1;1
354025;2008-03-17;Segunda;18:15:00;SP;116;156.2;SAO JOSE DOS CAMPOS;Outras;Colisão traseira;Sem Vítimas;Plena noite;Decrescente;Chuva;Simples;Reta;Urbano;2;2
354026;2008-03-17;Segunda;10:30:00;SP;116;192.0;SANTA ISABEL;Outras;Colisão traseira;Sem Vítimas;Pleno dia;Decrescente;Chuva;Dupla;Reta;Rural;2;2
354071;2008-03-17;Segunda;12:15:00;SP;116;192.5;SANTA ISABEL;Outras;Colisão traseira;Sem Vítimas;Pleno dia;Decrescente;Chuva;Dupla;Reta;Rural;2;2
354143;2008-03-03;Segunda;22:40:00;SP;116;229.0;SAO PAULO;Outras;Colisão com objeto móvel;Sem Vítimas;Plena noite;Crescente;Chuva;Múltipla;Reta;Urbano;1;1
354168;2008-03-15;Sábado;13:40:00;SP;116;211.3;GUARULHOS;Falta de atenção;Colisão traseira;Sem Vítimas;Pleno dia;Decrescente;Nublado;Múltipla;Reta;Urbano;2;2
354174;2008-03-14;Sexta;18:05:00;SP;116;224.8;GUARULHOS;Desobediência à sinalização;Colisão com bicicleta;Com Vítimas Feridas;Anoitecer;Crescente;Nublado;Múltipla;Reta;Urbano;2;2
354191;2008-03-17;Segunda;19:30:00;SP;116;223.0;GUARULHOS;Falta de atenção;Colisão traseira;Sem Vítimas;Plena noite;Decrescente;Chuva;Múltipla;Reta;Urbano;2;2
354268;2008-03-12;Quarta;17:30:00;SP;116;146.0;SAO JOSE DOS CAMPOS;Defeito mecânico em veículo;Colisão lateral;Sem Vítimas;Pleno dia;Crescente;Nublado;Dupla;Reta;Urbano;2;2
354298;2008-03-11;Terça;11:40:00;SP;116;222.0;GUARULHOS;Outras;Colisão traseira;Sem Vítimas;Pleno dia;Crescente;Ceu Claro;Múltipla;Reta;Urbano;2;2
354351;2008-03-14;Sexta;21:50:00;SP;116;101.9;PINDAMONHANGABA;Outras;Colisão lateral;Sem Vítimas;Plena noite;Decrescente;Nublado;Múltipla;Reta;Rural;2;2
354509;2008-03-17;Segunda;11:40:00;SP;116;224.0;GUARULHOS;Outras;Colisão traseira;Sem Vítimas;Pleno dia;Crescente;Chuva;Múltipla;Reta;Urbano;3;3
354539;2008-03-15;Sábado;06:15:00;SP;116;118.2;TAUBATE;Outras;Colisão com objeto fixo;Com Vítimas Feridas;Amanhecer;Crescente;Chuva;Dupla;Reta;Rural;3;2
354600;2008-03-18;Terça;21:25:00;SP;116;127.5;CACAPAVA;Outras;Colisão traseira;Sem Vítimas;Plena noite;Crescente;Ceu Claro;Dupla;Reta;Urbano;2;2
354678;2008-03-11;Terça;19:10:00;SP;116;227.0;SAO PAULO;Outras;Colisão traseira;Sem Vítimas;Anoitecer;Decrescente;Chuva;Múltipla;Reta;Urbano;2;2
354750;2008-03-18;Terça;07:30:00;SP;116;216.8;GUARULHOS;Não guardar distância de segurança;Colisão lateral;Sem Vítimas;Pleno dia;Crescente;Sol;Múltipla;Reta;Rural;2;2
354763;2008-03-19;Quarta;08:30:00;SP;116;131.8;CACAPAVA;Outras;Colisão com objeto fixo;Sem Vítimas;Pleno dia;Crescente;Sol;Dupla;Reta;Rural;1;1
354821;2008-03-14;Sexta;17:00:00;SP;116;144.5;SAO JOSE DOS CAMPOS;Outras;Colisão traseira;Sem Vítimas;Pleno dia;Crescente;Ceu Claro;Múltipla;Reta;Urbano;3;3
354839;2008-03-14;Sexta;22:40:00;SP;116;154.9;SAO JOSE DOS CAMPOS;Outras;Colisão com objeto móvel;Sem Vítimas;Plena noite;Decrescente;Chuva;Dupla;Reta;Urbano;1;1
354954;2008-03-17;Segunda;07:05:00;SP;116;184.0;SANTA ISABEL;Falta de atenção;Colisão traseira;Com Vítimas Feridas;Amanhecer;Crescente;Chuva;Dupla;Reta;Rural;2;2
354964;2008-03-16;Domingo;10:25:00;SP;116;191.5;SANTA ISABEL;Outras;Colisão com objeto fixo;Sem Vítimas;Pleno dia;Crescente;Sol;Dupla;Reta;Rural;1;1
355010;2008-03-19;Quarta;22:30:00;SP;116;216.0;GUARULHOS;Animais na Pista;Capotamento;Sem Vítimas;Plena noite;Crescente;Ceu Claro;Múltipla;Reta;Urbano;1;1
355020;2008-03-19;Quarta;07:15:00;SP;116;153.0;SAO JOSE DOS CAMPOS;Outras;Colisão lateral;Sem Vítimas;Pleno dia;Crescente;Sol;Dupla;Reta;Urbano;3;3
355048;2008-03-17;Segunda;10:45:00;SP;116;219.0;GUARULHOS;Não guardar distância de segurança;Colisão traseira;Sem Vítimas;Pleno dia;Decrescente;Chuva;Múltipla;Reta;Urbano;2;2
355063;2008-03-19;Quarta;22:25:00;SP;116;229.7;SAO PAULO;Não guardar distância de segurança;Colisão traseira;Sem Vítimas;Plena noite;Decrescente;Ceu Claro;Múltipla;Reta;Urbano;2;2
355135;2008-03-20;Quinta;05:30:00;SP;116;191.5;SANTA ISABEL;Outras;Colisão traseira;Com Vítimas Feridas;Plena noite;Crescente;Nublado;Dupla;Reta;Rural;2;2
355150;2008-03-18;Terça;07:45:00;SP;116;219.0;GUARULHOS;Falta de atenção;Colisão traseira;Sem Vítimas;Amanhecer;Decrescente;Nublado;Múltipla;Reta;Urbano;2;2
355165;2008-03-18;Terça;17:00:00;SP;116;219.0;GUARULHOS;Falta de atenção;Colisão traseira;Sem Vítimas;Pleno dia;Crescente;Sol;Múltipla;Reta;Urbano;2;2
355181;2008-03-16;Domingo;20:45:00;SP;116;102.4;PINDAMONHANGABA;Animais na Pista;Atropelamento de animal;Sem Vítimas;Plena noite;Crescente;Chuva;Dupla;Reta;Rural;1;1
355243;2008-03-19;Quarta;15:40:00;SP;116;145.5;SAO JOSE DOS CAMPOS;Outras;Colisão traseira;Sem Vítimas;Pleno dia;Crescente;Sol;Dupla;Reta;Urbano;3;3
355323;2008-03-17;Segunda;10:31:00;SP;116;192.0;SANTA ISABEL;Outras;Colisão com objeto móvel;Sem Vítimas;Pleno dia;Decrescente;Chuva;Dupla;Reta;Rural;2;2
355352;2008-03-20;Quinta;10:40:00;SP;116;100.8;PINDAMONHANGABA;Falta de atenção;Colisão lateral;Sem Vítimas;Pleno dia;Decrescente;Ceu Claro;Dupla;Reta;Rural;3;3
355378;2008-03-20;Quinta;08:00:00;SP;116;142.4;SAO JOSE DOS CAMPOS;Falta de atenção;Colisão traseira;Sem Vítimas;Pleno dia;Crescente;Sol;Dupla;Reta;Urbano;2;2
355421;2008-03-17;Segunda;00:20:00;SP;116;130.2;CACAPAVA;Falta de atenção;Colisão traseira;Com Vítimas Feridas;Plena noite;Decrescente;Chuva;Dupla;Reta;Rural;2;2
355501;2008-03-18;Terça;17:15:00;SP;116;156.0;SAO JOSE DOS CAMPOS;Outras;Colisão traseira;Com Vítimas Feridas;Pleno dia;Decrescente;Ceu Claro;Dupla;Reta;Urbano;4;4
355518;2008-03-20;Quinta;07:30:00;SP;116;145.0;SAO JOSE DOS CAMPOS;Defeito mecânico em veículo;Colisão lateral;Sem Vítimas;Pleno dia;Crescente;Sol;Dupla;Reta;Urbano;2;2
355521;2008-03-18;Terça;14:20:00;SP;116;218.0;GUARULHOS;Defeito mecânico em veículo;Colisão lateral;Sem Vítimas;Pleno dia;Crescente;Sol;Múltipla;Reta;Urbano;2;2
355526;2008-03-21;Sexta;07:50:00;SP;116;114.6;TAUBATE;Defeito mecânico em veículo;Colisão com objeto fixo;Sem Vítimas;Pleno dia;Crescente;Ceu Claro;Dupla;Reta;Rural;1;1
355592;2008-03-18;Terça;07:20:00;SP;116;130.9;CACAPAVA;Outras;Colisão lateral;Sem Vítimas;Pleno dia;Crescente;Ceu Claro;Dupla;Reta;Urbano;2;2
355602;2008-03-20;Quinta;05:40:00;SP;116;154.7;SAO JOSE DOS CAMPOS;Desobediência à sinalização;Colisão traseira;Com Vítimas Feridas;Amanhecer;Decrescente;Nublado;Dupla;Reta;Urbano;2;2
355605;2008-03-19;Quarta;13:30:00;SP;116;211.0;GUARULHOS;Outras;Colisão lateral;Sem Vítimas;Pleno dia;Crescente;Ceu Claro;Múltipla;Reta;Urbano;2;2
355624;2008-03-19;Quarta;18:00:00;SP;116;214.0;GUARULHOS;Outras;Queda de motocicleta / bicicleta / veículo;Com Vítimas Feridas;Anoitecer;Decrescente;Ceu Claro;Múltipla;Reta;Urbano;2;2
355652;2008-03-21;Sexta;10:40:00;SP;116;197.9;ARUJA;Outras;Capotamento;Com Vítimas Fatais;Pleno dia;Decrescente;Ceu Claro;Dupla;Reta;Urbano;4;1
355697;2008-03-20;Quinta;18:30:00;SP;116;224.4;GUARULHOS;Falta de atenção;Colisão traseira;Sem Vítimas;Anoitecer;Crescente;Nublado;Múltipla;Reta;Urbano;2;2
355705;2008-03-17;Segunda;10:00:00;SP;116;204.0;ARUJA;Falta de atenção;Colisão traseira;Sem Vítimas;Pleno dia;Crescente;Ceu Claro;Múltipla;Reta;Urbano;3;3
355710;2008-03-21;Sexta;15:30:00;SP;116;224.0;GUARULHOS;Outras;Colisão traseira;Com Vítimas Feridas;Pleno dia;Decrescente;Sol;Múltipla;Reta;Urbano;3;2
355711;2008-03-18;Terça;02:30:00;SP;116;116.7;TAUBATE;Falta de atenção;Queda de motocicleta / bicicleta / veículo;Com Vítimas Feridas;Plena noite;Decrescente;Ceu Claro;Dupla;Reta;Urbano;1;1
355802;2008-03-19;Quarta;15:30:00;SP;116;144.4;SAO JOSE DOS CAMPOS;Outras;Colisão traseira;Sem Vítimas;Pleno dia;Crescente;Ceu Claro;Múltipla;Reta;Urbano;4;4
355835;2008-03-19;Quarta;18:20:00;SP;116;156.3;SAO JOSE DOS CAMPOS;Outras;Colisão traseira;Sem Vítimas;Anoitecer;Decrescente;Ceu Claro;Dupla;Reta;Urbano;2;2
355872;2008-03-19;Quarta;22:10:00;SP;116;136.9;SAO JOSE DOS CAMPOS;Falta de atenção;Colisão traseira;Com Vítimas Feridas;Plena noite;Crescente;Ceu Claro;Dupla;Reta;Urbano;3;2
355941;2008-03-20;Quinta;18:25:00;SP;116;144.0;SAO JOSE DOS CAMPOS;Outras;Colisão traseira;Sem Vítimas;Anoitecer;Decrescente;Ceu Claro;Dupla;Reta;Urbano;2;2
355973;2008-03-15;Sábado;06:30:00;SP;116;217.0;GUARULHOS;Outras;Colisão com objeto móvel;Sem Vítimas;Amanhecer;Crescente;Ceu Claro;Múltipla;Reta;Urbano;2;2
355984;2008-03-17;Segunda;19:00:00;SP;116;177.4;GUARAREMA;Falta de atenção;Colisão lateral;Sem Vítimas;Anoitecer;Crescente;Chuva;Múltipla;Reta;Rural;2;2
356029;2008-03-21;Sexta;10:15:00;SP;116;120.0;CACAPAVA;Ultrapassagem indevida;Colisão lateral;Sem Vítimas;Pleno dia;Decrescente;Sol;Dupla;Reta;Rural;2;2
356033;2008-03-20;Quinta;10:40:00;SP;116;225.2;GUARULHOS;Falta de atenção;Queda de motocicleta / bicicleta / veículo;Com Vítimas Feridas;Pleno dia;Decrescente;Ceu Claro;Múltipla;Reta;Urbano;1;1
356057;2008-03-19;Quarta;16:15:00;SP;116;196.0;ARUJA;Não guardar distância de segurança;Colisão traseira;Sem Vítimas;Pleno dia;Decrescente;Sol;Dupla;Reta;Rural;2;2
356081;2008-03-17;Segunda;06:20:00;SP;116;222.6;GUARULHOS;Falta de atenção;Colisão lateral;Com Vítimas Fatais;Pleno dia;Crescente;Chuva;Dupla;Reta;Urbano;2;2
356203;2008-03-20;Quinta;06:00:00;SP;116;129.7;CACAPAVA;Falta de atenção;Colisão com bicicleta;Com Vítimas Fatais;Pleno dia;Crescente;Ceu Claro;Dupla;Reta;Urbano;2;2
356230;2008-03-22;Sábado;15:00:00;SP;116;151.8;SAO JOSE DOS CAMPOS;Outras;Colisão com objeto fixo;Sem Vítimas;Pleno dia;Decrescente;Chuva;Dupla;Reta;Urbano;1;1
356379;2008-03-20;Quinta;17:15:00;SP;116;144.0;SAO JOSE DOS CAMPOS;Outras;Colisão lateral;Sem Vítimas;Pleno dia;Crescente;Ceu Claro;Dupla;Reta;Urbano;2;2
356400;2008-03-22;Sábado;15:15:00;SP;116;150.0;SAO JOSE DOS CAMPOS;Outras;Saída de Pista;Sem Vítimas;Pleno dia;Decrescente;Chuva;Dupla;Reta;Urbano;1;1
356479;2008-03-20;Quinta;14:30:00;SP;116;221.0;GUARULHOS;Falta de atenção;Colisão traseira;Sem Vítimas;Pleno dia;Crescente;Sol;Múltipla;Reta;Urbano;3;3
356483;2008-03-20;Quinta;11:45:00;SP;116;219.0;GUARULHOS;Falta de atenção;Colisão traseira;Sem Vítimas;Pleno dia;Crescente;Sol;Múltipla;Reta;Rural;4;4
356484;2008-03-23;Domingo;20:45:00;SP;116;200.0;ARUJA;Outras;Colisão lateral;Sem Vítimas;Plena noite;Crescente;Nublado;Dupla;Reta;Urbano;2;2
356521;2008-03-20;Quinta;16:20:00;SP;116;221.6;GUARULHOS;Falta de atenção;Colisão traseira;Com Vítimas Feridas;Pleno dia;Decrescente;Nublado;Simples;Reta;Rural;3;2
356612;2008-03-19;Quarta;19:00:00;SP;116;191.5;SANTA ISABEL;Outras;Saída de Pista;Sem Vítimas;Plena noite;Crescente;Ceu Claro;Dupla;Curva;Rural;1;1
356624;2008-03-21;Sexta;12:25:00;SP;116;161.0;JACAREI;Outras;Capotamento;Sem Vítimas;Pleno dia;Decrescente;Ceu Claro;Dupla;Reta;Rural;1;1
356693;2008-03-24;Segunda;10:00:00;SP;116;225.3;GUARULHOS;Outras;Colisão lateral;Com Vítimas Feridas;Pleno dia;Crescente;Ceu Claro;Múltipla;Reta;Urbano;2;2
356771;2008-03-24;Segunda;07:30:00;SP;116;219.0;GUARULHOS;Não guardar distância de segurança;Colisão lateral;Com Vítimas Feridas;Amanhecer;Crescente;Ceu Claro;Múltipla;Reta;Urbano;4;3
356815;2008-03-24;Segunda;05:00:00;SP;116;198.0;ARUJA;Falta de atenção;Colisão traseira;Sem Vítimas;Amanhecer;Crescente;Ceu Claro;Dupla;Reta;Urbano;2;2
356830;2008-03-22;Sábado;23:36:00;SP;116;157.1;SAO JOSE DOS CAMPOS;Outras;Colisão lateral;Com Vítimas Feridas;Plena noite;Crescente;Ceu Claro;Dupla;Reta;Urbano;2;2
356911;2008-03-24;Segunda;18:00:00;SP;116;218.0;GUARULHOS;Ultrapassagem indevida;Colisão lateral;Sem Vítimas;Anoitecer;Decrescente;Ceu Claro;Múltipla;Reta;Urbano;3;3
356915;2008-03-24;Segunda;13:20:00;SP;116;210.0;GUARULHOS;Outras;Colisão lateral;Sem Vítimas;Pleno dia;Crescente;Chuva;Múltipla;Reta;Urbano;3;3
356965;2008-03-18;Terça;06:50:00;SP;116;227.6;GUARULHOS;Outras;Colisão traseira;Sem Vítimas;Pleno dia;Crescente;Ceu Claro;Múltipla;Reta;Urbano;2;2