id;data_inversa;dia_semana;horario;uf;br;km;municipio;causa_acidente;tipo_acidente;classificacao_acidente;fase_dia;sentido_via;condicao_metereologica;tipo_pista;tracado_via;uso_solo;pessoas;veiculos
356981;2008-03-18;Terça;07:30:00;SP;116;219.0;GUARULHOS;Outras;Colisão traseira;Sem Vítimas;Pleno dia;Decrescente;Ceu Claro;Múltipla;Reta;Urbano;2;2
357011;2008-03-19;Quarta;19:40:00;SP;116;227.7;GUARULHOS;Outras;Colisão traseira;Sem Vítimas;Plena noite;Decrescente;Nublado;Múltipla;Reta;Urbano;3;3
357025;2008-03-24;Segunda;22:20:00;SP;116;222.9;GUARULHOS;Falta de atenção;Colisão traseira;Com Vítimas Feridas;Plena noite;Decrescente;Nublado;Múltipla;Reta;Urbano;2;2
357083;2008-03-18;Terça;17:15:00;SP;116;227.0;SAO PAULO;Outras;Colisão com objeto fixo;Sem Vítimas;Pleno dia;Crescente;Ceu Claro;Dupla;Reta;Urbano;2;2
357086;2008-03-16;Domingo;15:50:00;SP;116;212.0;GUARULHOS;Outras;Colisão lateral;Sem Vítimas;Pleno dia;Decrescente;Sol;Múltipla;Reta;Urbano;2;2
357101;2008-03-24;Segunda;08:00:00;SP;116;158.1;JACAREI;Falta de atenção;Colisão traseira;Sem Vítimas;Pleno dia;Decrescente;Nublado;Dupla;Reta;Urbano;5;5
357121;2008-03-23;Domingo;19:20:00;SP;116;106.9;TAUBATE;Não guardar distância de segurança;Colisão traseira;Sem Vítimas;Plena noite;Crescente;Ceu Claro;Dupla;Reta;Urbano;3;3
357125;2008-03-19;Quarta;10:55:00;SP;116;229.0;SAO PAULO;Outras;Colisão lateral;Sem Vítimas;Pleno dia;Crescente;Ceu Claro;Múltipla;Reta;Urbano;2;2
357164;2008-03-24;Segunda;09:30:00;SP;116;146.0;SAO JOSE DOS CAMPOS;Não guardar distância de segurança;Colisão traseira;Sem Vítimas;Pleno dia;Decrescente;Nublado;Dupla;Reta;Urbano;2;2
357183;2008-03-24;Segunda;17:25:00;SP;116;145.0;SAO JOSE DOS CAMPOS;Não guardar distância de segurança;Colisão traseira;Sem Vítimas;Pleno dia;Decrescente;Nublado;Dupla;Reta;Urbano;4;4
357197;2008-03-17;Segunda;18:00:00;SP;116;217.0;GUARULHOS;Não guardar distância de segurança;Colisão traseira;Com Vítimas Feridas;Pleno dia;Decrescente;Chuva;Múltipla;Reta;Urbano;4;3
357199;2008-03-19;Quarta;12:00:00;SP;116;109.0;TAUBATE;Defeito mecânico em veículo;Colisão frontal;Com Vítimas Feridas;Pleno dia;Decrescente;Ceu Claro;Dupla;Reta;Urbano;2;2
357213;2008-03-23;Domingo;20:30:00;SP;116;113.2;TAUBATE;Não guardar distância de segurança;Colisão traseira;Sem Vítimas;Plena noite;Crescente;Nublado;Dupla;Reta;Urbano;3;3
357239;2008-03-24;Segunda;16:10:00;SP;116;156.0;SAO JOSE DOS CAMPOS;Falta de atenção;Colisão traseira;Com Vítimas Feridas;Pleno dia;Crescente;Sol;Dupla;Reta;Urbano;3;2
357254;2008-03-24;Segunda;20:30:00;SP;116;226.2;GUARULHOS;Outras;Atropelamento de pessoa;Com Vítimas Fatais;Plena noite;Decrescente;Nublado;Múltipla;Reta;Urbano;2;1
357281;2008-03-13;Quinta;10:35:00;SP;116;178.8;GUARAREMA;Outras;Colisão traseira;Com Vítimas Feridas;Pleno dia;Crescente;Sol;Dupla;Reta;Rural;2;2
357286;2008-03-24;Segunda;09:30:00;SP;116;174.5;GUARAREMA;Outras;Colisão com objeto fixo;Sem Vítimas;Pleno dia;Decrescente;Ceu Claro;Dupla;Reta;Urbano;1;1
357320;2008-03-20;Quinta;08:15:00;SP;116;115.3;TAUBATE;Não guardar distância de segurança;Colisão traseira;Com Vítimas Feridas;Pleno dia;Crescente;Ceu Claro;Dupla;Reta;Urbano;4;3
357322;2008-03-25;Terça;08:10:00;SP;116;144.2;SAO JOSE DOS CAMPOS;Falta de atenção;Colisão lateral;Com Vítimas Feridas;Pleno dia;Crescente;Sol;Dupla;Reta;Urbano;2;2
357472;2008-03-25;Terça;20:00:00;SP;116;225.0;GUARULHOS;Outras;Colisão traseira;Sem Vítimas;Plena noite;Decrescente;Nublado;Múltipla;Reta;Urbano;4;4
357516;2008-03-26;Quarta;04:15:00;SP;116;128.0;CACAPAVA;Outras;Colisão com objeto fixo;Sem Vítimas;Plena noite;Decrescente;Nublado;Dupla;Reta;Urbano;1;1
357912;2008-03-26;Quarta;10:30:00;SP;116;134.0;CACAPAVA;Outras;Colisão traseira;Sem Vítimas;Pleno dia;Decrescente;Sol;Dupla;Reta;Urbano;2;2
357973;2008-03-25;Terça;12:30:00;SP;116;197.0;ARUJA;Animais na Pista;Colisão com objeto fixo;Sem Vítimas;Pleno dia;Decrescente;Sol;Dupla;Curva;Rural;1;1
358008;2008-03-24;Segunda;07:35:00;SP;116;223.7;GUARULHOS;Falta de atenção;Colisão lateral;Com Vítimas Feridas;Pleno dia;Crescente;Ceu Claro;Múltipla;Reta;Urbano;3;2
358013;2008-03-27;Quinta;08:05:00;SP;116;225.5;GUARULHOS;Outras;Colisão traseira;Sem Vítimas;Pleno dia;Crescente;Sol;Dupla;Reta;Urbano;2;2
358029;2008-03-24;Segunda;18:30:00;SP;116;226.0;GUARULHOS;Falta de atenção;Colisão lateral;Sem Vítimas;Anoitecer;Decrescente;Ceu Claro;Múltipla;Reta;Urbano;2;2
358068;2008-03-24;Segunda;07:10:00;SP;116;144.8;SAO JOSE DOS CAMPOS;Outras;Colisão traseira;Com Vítimas Fatais;Pleno dia;Crescente;Ceu Claro;Múltipla;Reta;Rural;3;2
358152;2008-03-26;Quarta;05:10:00;SP;116;123.3;CACAPAVA;Falta de atenção;Colisão lateral;Sem Vítimas;Amanhecer;Crescente;Ceu Claro;Dupla;Reta;Rural;2;2
358236;2008-03-27;Quinta;15:50:00;SP;116;111.0;TAUBATE;Não guardar distância de segurança;Colisão traseira;Com Vítimas Feridas;Pleno dia;Decrescente;Chuva;Dupla;Reta;Urbano;2;2
358249;2008-03-27;Quinta;12:30:00;SP;116;181.0;GUARAREMA;Outras;Colisão lateral;Sem Vítimas;Pleno dia;Decrescente;Ceu Claro;Dupla;Reta;Rural;2;2
358292;2008-03-26;Quarta;00:15:00;SP;116;201.0;ARUJA;Outras;Colisão lateral;Sem Vítimas;Plena noite;Crescente;Ceu Claro;Dupla;Reta;Urbano;2;2
358330;2008-03-27;Quinta;14:30:00;SP;116;185.8;SANTA ISABEL;Não guardar distância de segurança;Colisão lateral;Sem Vítimas;Pleno dia;Crescente;Sol;Dupla;Curva;Rural;2;2
358336;2008-03-20;Quinta;20:15:00;SP;116;227.0;SAO PAULO;Não guardar distância de segurança;Colisão traseira;Sem Vítimas;Plena noite;Decrescente;Ceu Claro;Múltipla;Reta;Urbano;2;2
358338;2008-03-27;Quinta;21:00:00;SP;116;174.5;JACAREI;Outras;Colisão com objeto fixo;Com Vítimas Feridas;Plena noite;Crescente;Nublado;Dupla;Curva;Rural;2;2
358354;2008-03-28;Sexta;02:20:00;SP;116;137.6;SAO JOSE DOS CAMPOS;Outras;Tombamento;Sem Vítimas;Plena noite;Decrescente;Nublado;Dupla;Reta;Urbano;1;1
358386;2008-03-26;Quarta;08:30:00;SP;116;222.0;GUARULHOS;Falta de atenção;Colisão com objeto fixo;Sem Vítimas;Pleno dia;Decrescente;Sol;Dupla;Reta;Urbano;2;2
358402;2008-03-27;Quinta;17:15:00;SP;116;218.0;GUARULHOS;Falta de atenção;Colisão traseira;Com Vítimas Feridas;Pleno dia;Crescente;Sol;Múltipla;Reta;Urbano;2;2
358407;2008-03-26;Quarta;10:15:00;SP;116;147.0;SAO JOSE DOS CAMPOS;Outras;Colisão lateral;Sem Vítimas;Pleno dia;Decrescente;Ceu Claro;Dupla;Reta;Urbano;2;2
358440;2008-03-27;Quinta;08:15:00;SP;116;220.0;GUARULHOS;Outras;Colisão lateral;Com Vítimas Feridas;Amanhecer;Crescente;Ceu Claro;Múltipla;Reta;Urbano;2;2
358447;2008-03-28;Sexta;07:00:00;SP;116;189.0;SANTA ISABEL;Outras;Colisão lateral;Sem Vítimas;Pleno dia;Crescente;Ceu Claro;Dupla;Curva;Rural;2;2
358501;2008-03-27;Quinta;15:20:00;SP;116;172.0;JACAREI;Outras;Colisão lateral;Sem Vítimas;Pleno dia;Decrescente;Nublado;Dupla;Reta;Rural;2;2
358526;2008-03-28;Sexta;06:25:00;SP;116;169.0;JACAREI;Outras;Colisão traseira;Sem Vítimas;Amanhecer;Decrescente;Nublado;Dupla;Reta;Rural;2;2
358603;2008-03-27;Quinta;23:00:00;SP;116;226.7;GUARULHOS;Falta de atenção;Colisão traseira;Sem Vítimas;Plena noite;Decrescente;Ceu Claro;Múltipla;Reta;Urbano;3;3
358756;2008-03-28;Sexta;18:15:00;SP;116;139.8;SAO JOSE DOS CAMPOS;Falta de atenção;Colisão traseira;Com Vítimas Feridas;Anoitecer;Crescente;Ceu Claro;Dupla;Reta;Urbano;6;4
358782;2008-03-29;Sábado;06:40:00;SP;116;146.0;SAO JOSE DOS CAMPOS;Falta de atenção;Colisão lateral;Sem Vítimas;Pleno dia;Decrescente;Sol;Dupla;Reta;Urbano;2;2
358798;2008-03-27;Quinta;08:00:00;SP;116;212.7;GUARULHOS;Não guardar distância de segurança;Colisão traseira;Com Vítimas Feridas;Pleno dia;Decrescente;Ceu Claro;Múltipla;Reta;Urbano;5;4
358800;2008-03-28;Sexta;18:30:00;SP;116;158.0;JACAREI;Não guardar distância de segurança;Colisão traseira;Sem Vítimas;Plena noite;Decrescente;Ceu Claro;Dupla;Reta;Urbano;3;3
358817;2008-03-29;Sábado;08:16:00;SP;116;165.5;JACAREI;Falta de atenção;Colisão com objeto fixo;Sem Vítimas;Pleno dia;Decrescente;Sol;Múltipla;Reta;Rural;1;1
358822;2008-03-28;Sexta;09:30:00;SP;116;217.0;GUARULHOS;Outras;Colisão traseira;Sem Vítimas;Pleno dia;Crescente;Ceu Claro;Múltipla;Reta;Urbano;5;5
358829;2008-03-25;Terça;22:40:00;SP;116;133.7;CACAPAVA;Outras;Colisão traseira;Com Vítimas Feridas;Plena noite;Crescente;Nublado;Dupla;Reta;Rural;3;2
358878;2008-03-29;Sábado;15:00:00;SP;116;210.0;GUARULHOS;Defeito na via;Queda de motocicleta / bicicleta / veículo;Com Vítimas Feridas;Pleno dia;Decrescente;Ceu Claro;Dupla;Reta;Urbano;1;1
358919;2008-03-29;Sábado;14:30:00;SP;116;138.9;SAO JOSE DOS CAMPOS;Falta de atenção;Colisão traseira;Com Vítimas Feridas;Pleno dia;Crescente;Ceu Claro;Dupla;Reta;Urbano;2;2
358928;2008-03-28;Sexta;17:15:00;SP;116;229.6;SAO PAULO;Outras;Colisão traseira;Sem Vítimas;Anoitecer;Crescente;Ceu Claro;Múltipla;Reta;Urbano;4;4
358943;2008-03-28;Sexta;08:50:00;SP;116;218.3;GUARULHOS;Falta de atenção;Colisão lateral;Sem Vítimas;Pleno dia;Decrescente;Nublado;Múltipla;Reta;Urbano;3;3
358970;2008-03-28;Sexta;18:30:00;SP;116;147.0;SAO JOSE DOS CAMPOS;Outras;Colisão traseira;Com Vítimas Feridas;Plena noite;Decrescente;Ceu Claro;Dupla;Reta;Urbano;2;2
358978;2008-03-27;Quinta;07:00:00;SP;116;215.0;GUARULHOS;Animais na Pista;Atropelamento de animal;Com Vítimas Feridas;Pleno dia;Decrescente;Ceu Claro;Múltipla;Reta;Rural;1;1
359029;2008-03-29;Sábado;08:45:00;SP;116;227.8;SAO PAULO;Defeito mecânico em veículo;Colisão com objeto fixo;Sem Vítimas;Pleno dia;Decrescente;Sol;Múltipla;Reta;Urbano;1;1
359046;2008-03-26;Quarta;16:52:00;SP;116;115.3;TAUBATE;Outras;Colisão com objeto fixo;Sem Vítimas;Pleno dia;Decrescente;Chuva;Dupla;Reta;Urbano;1;1
359095;2008-03-29;Sábado;21:00:00;SP;116;204.0;ARUJA;Outras;Tombamento;Sem Vítimas;Plena noite;Crescente;Ceu Claro;Múltipla;Reta;Urbano;2;2
359108;2008-03-30;Domingo;05:30:00;SP;116;154.0;SAO JOSE DOS CAMPOS;Outras;Colisão traseira;Com Vítimas Feridas;Plena noite;Crescente;Nublado;Dupla;Reta;Urbano;3;2
359114;2008-03-29;Sábado;22:10:00;SP;116;212.0;GUARULHOS;Outras;Atropelamento de pessoa;Com Vítimas Fatais;Plena noite;Decrescente;Nevoeiro/neblina;Múltipla;Reta;Urbano;2;1
359129;2008-03-26;Quarta;19:30:00;SP;116;183.0;GUARAREMA;Outras;Queda de motocicleta / bicicleta / veículo;Com Vítimas Fatais;Plena noite;Decrescente;Ceu Claro;Dupla;Reta;Urbano;1;1
359151;2008-03-28;Sexta;21:45:00;SP;116;211.0;GUARULHOS;Outras;Atropelamento de pessoa;Com Vítimas Fatais;Plena noite;Crescente;Ceu Claro;Múltipla;Reta;Urbano;2;1
359160;2008-03-26;Quarta;03:30:00;SP;116;206.0;ARUJA;Animais na Pista;Atropelamento de animal;Sem Vítimas;Plena noite;Decrescente;Ceu Claro;Dupla;Reta;Urbano;1;1
359171;2008-03-25;Terça;20:30:00;SP;116;208.0;GUARULHOS;Falta de atenção;Colisão com objeto fixo;Com Vítimas Feridas;Plena noite;Decrescente;Ceu Claro;Dupla;Reta;Urbano;2;2
359183;2008-03-27;Quinta;20:40:00;SP;116;216.0;GUARULHOS;Falta de atenção;Colisão traseira;Sem Vítimas;Plena noite;Crescente;Ceu Claro;Múltipla;Reta;Urbano;2;2
359210;2008-03-26;Quarta;17:40:00;SP;116;124.5;CACAPAVA;Outras;Colisão traseira;Sem Vítimas;Anoitecer;Decrescente;Chuva;Dupla;Reta;Rural;2;2
359212;2008-03-26;Quarta;23:45:00;SP;116;128.5;CACAPAVA;Outras;Colisão com objeto fixo;Sem Vítimas;Plena noite;Decrescente;Nublado;Dupla;Reta;Urbano;1;1
359276;2008-03-30;Domingo;14:47:00;SP;116;102.8;PINDAMONHANGABA;Dormindo;Colisão lateral;Sem Vítimas;Pleno dia;Crescente;Nublado;Múltipla;Reta;Rural;2;2
359280;2008-03-29;Sábado;11:15:00;SP;116;227.7;SAO PAULO;Outras;Colisão lateral;Com Vítimas Fatais;Pleno dia;Decrescente;Sol;Múltipla;Reta;Urbano;2;2
359319;2008-03-30;Domingo;14:15:00;SP;116;139.9;SAO JOSE DOS CAMPOS;Outras;Colisão traseira;Sem Vítimas;Pleno dia;Crescente;Nublado;Dupla;Reta;Urbano;2;2
359340;2008-03-27;Quinta;19:40:00;SP;116;144.0;SAO JOSE DOS CAMPOS;Outras;Colisão traseira;Sem Vítimas;Plena noite;Decrescente;Ceu Claro;Dupla;Reta;Urbano;2;2
359400;2008-03-30;Domingo;22:00:00;SP;116;212.0;GUARULHOS;Outras;Danos Eventuais;Sem Vítimas;Plena noite;Crescente;Ceu Claro;Múltipla;Reta;Urbano;2;2
359404;2008-03-30;Domingo;01:00:00;SP;116;217.0;GUARULHOS;Outras;Colisão com objeto fixo;Sem Vítimas;Amanhecer;Crescente;Ceu Claro;Múltipla;Reta;Urbano;2;2
359407;2008-03-27;Quinta;14:50:00;SP;116;214.0;GUARULHOS;Não guardar distância de segurança;Colisão traseira;Sem Vítimas;Pleno dia;Crescente;Ceu Claro;Múltipla;Reta;Rural;2;2
359408;2008-03-30;Domingo;21:00:00;SP;116;215.0;GUARULHOS;Não guardar distância de segurança;Colisão lateral;Sem Vítimas;Plena noite;Decrescente;Ceu Claro;Múltipla;Reta;Rural;2;2
359431;2008-03-30;Domingo;13:50:00;SP;116;139.7;SAO JOSE DOS CAMPOS;Outras;Colisão traseira;Sem Vítimas;Pleno dia;Crescente;Nublado;Dupla;Reta;Urbano;2;2
359598;2008-01-31;Quinta;18:10:00;SP;116;210.0;GUARULHOS;Outras;Atropelamento de pessoa;Com Vítimas Feridas;Pleno dia;Crescente;Ceu Claro;Múltipla;Reta;Urbano;2;1
359626;2008-03-27;Quinta;11:20:00;SP;116;109.5;TAUBATE;Falta de atenção;Colisão traseira;Sem Vítimas;Pleno dia;Crescente;Ceu Claro;Dupla;Reta;Urbano;3;3
359717;2008-03-31;Segunda;13:10:00;SP;116;130.2;CACAPAVA;Não guardar distância de segurança;Colisão com objeto fixo;Sem Vítimas;Pleno dia;Decrescente;Sol;Dupla;Reta;Urbano;1;1
359760;2008-03-27;Quinta;08:15:00;SP;116;224.1;GUARULHOS;Outras;Colisão lateral;Com Vítimas Feridas;Pleno dia;Crescente;Ceu Claro;Múltipla;Reta;Urbano;3;3
359789;2008-03-29;Sábado;15:00:00;SP;116;212.0;GUARULHOS;Outras;Colisão lateral;Sem Vítimas;Pleno dia;Decrescente;Ceu Claro;Múltipla;Reta;Urbano;3;3
359793;2008-03-30;Domingo;06:00:00;SP;116;228.0;SAO PAULO;Outras;Colisão traseira;Sem Vítimas;Amanhecer;Decrescente;Chuva;Múltipla;Reta;Urbano;2;2
359796;2008-03-28;Sexta;08:00:00;SP;116;220.0;GUARULHOS;Falta de atenção;Colisão traseira;Sem Vítimas;Pleno dia;Crescente;Ceu Claro;Dupla;Reta;Rural;3;3
359855;2008-03-27;Quinta;09:00:00;SP;116;222.0;GUARULHOS;Outras;Colisão traseira;Sem Vítimas;Pleno dia;Decrescente;Ceu Claro;Múltipla;Reta;Urbano;2;2
359972;2008-03-31;Segunda;09:20:00;SP;116;219.0;GUARULHOS;Falta de atenção;Colisão traseira;Sem Vítimas;Pleno dia;Crescente;Ceu Claro;Múltipla;Reta;Urbano;3;3
360003;2008-04-01;Terça;07:50:00;SP;116;157.0;SAO JOSE DOS CAMPOS;Outras;Colisão traseira;Sem Vítimas;Pleno dia;Decrescente;Sol;Dupla;Reta;Urbano;2;2
360073;2008-04-01;Terça;15:45:00;SP;116;145.0;SAO JOSE DOS CAMPOS;Outras;Colisão traseira;Sem Vítimas;Pleno dia;Crescente;Ceu Claro;Dupla;Reta;Urbano;2;2
360159;2008-04-02;Quarta;01:00:00;SP;116;114.0;TAUBATE;Outras;Colisão com objeto fixo;Sem Vítimas;Plena noite;Crescente;Ceu Claro;Dupla;Reta;Urbano;2;2
360186;2008-04-01;Terça;22:00:00;SP;116;210.0;GUARULHOS;Outras;Colisão com objeto fixo;Sem Vítimas;Plena noite;Decrescente;Ceu Claro;Dupla;Curva;Urbano;2;2
360190;2008-04-01;Terça;10:45:00;SP;116;157.2;SAO JOSE DOS CAMPOS;Outras;Colisão com bicicleta;Com Vítimas Feridas;Pleno dia;Decrescente;Ceu Claro;Dupla;Reta;Urbano;2;2
360191;2008-04-01;Terça;17:35:00;SP;116;164.5;JACAREI;Outras;Colisão lateral;Sem Vítimas;Pleno dia;Decrescente;Ceu Claro;Dupla;Reta;Rural;2;2
360222;2008-01-16;Quarta;01:20:00;SP;116;196.0;ARUJA;Falta de atenção;Colisão lateral;Sem Vítimas;Plena noite;Crescente;Ceu Claro;Dupla;Reta;Rural;2;2
360295;2008-03-31;Segunda;08:05:00;SP;116;106.0;TAUBATE;Outras;Capotamento;Com Vítimas Feridas;Amanhecer;Crescente;Ceu Claro;Dupla;Reta;Urbano;3;3
360311;2008-04-02;Quarta;14:30:00;SP;116;154.8;SAO JOSE DOS CAMPOS;Não guardar distância de segurança;Colisão traseira;Sem Vítimas;Pleno dia;Decrescente;Sol;Dupla;Reta;Urbano;2;2
360377;2008-03-30;Domingo;12:00:00;SP;116;195.0;ARUJA;Falta de atenção;Colisão traseira;Com Vítimas Feridas;Pleno dia;Crescente;Ceu Claro;Múltipla;Reta;Rural;3;2
360394;2008-03-31;Segunda;05:30:00;SP;116;210.0;GUARULHOS;Não guardar distância de segurança;Colisão lateral;Sem Vítimas;Amanhecer;Crescente;Ceu Claro;Dupla;Reta;Rural;2;2
360395;2008-04-02;Quarta;17:45:00;SP;116;154.0;SAO JOSE DOS CAMPOS;Falta de atenção;Colisão lateral;Sem Vítimas;Pleno dia;Crescente;Sol;Dupla;Reta;Urbano;2;2
360508;2008-04-02;Quarta;21:36:00;SP;116;164.9;JACAREI;Outras;Colisão lateral;Sem Vítimas;Plena noite;Decrescente;Chuva;Dupla;Reta;Rural;2;2
360530;2008-04-02;Quarta;23:00:00;SP;116;219.0;GUARULHOS;Falta de atenção;Colisão traseira;Sem Vítimas;Plena noite;Decrescente;Nublado;Múltipla;Reta;Urbano;3;3
360549;2008-04-02;Quarta;21:50:00;SP;116;214.9;GUARULHOS;Ingestão de álcool;Colisão traseira;Sem Vítimas;Plena noite;Decrescente;Nublado;Múltipla;Reta;Urbano;4;4
360567;2008-04-02;Quarta;19:50:00;SP;116;220.0;GUARULHOS;Outras;Colisão lateral;Sem Vítimas;Plena noite;Decrescente;Chuva;Múltipla;Reta;Urbano;2;2
360595;2008-03-29;Sábado;23:00:00;SP;116;228.0;SAO PAULO;Outras;Colisão com objeto fixo;Sem Vítimas;Plena noite;Crescente;Chuva;Múltipla;Reta;Urbano;1;1
360612;2008-03-28;Sexta;17:40:00;SP;116;142.2;SAO JOSE DOS CAMPOS;Falta de atenção;Atropelamento de pessoa;Com Vítimas Feridas;Pleno dia;Crescente;Ceu Claro;Dupla;Reta;Rural;2;1
360613;2008-03-29;Sábado;00:50:00;SP;116;169.0;JACAREI;Outras;Colisão traseira;Sem Vítimas;Plena noite;Decrescente;Ceu Claro;Dupla;Reta;Rural;2;2
360619;2008-02-09;Sábado;10:40:00;SP;116;205.0;GUARULHOS;Defeito mecânico em veículo;Colisão com objeto fixo;Sem Vítimas;Pleno dia;Decrescente;Sol;Múltipla;Reta;Urbano;1;1
360673;2008-03-27;Quinta;11:20:00;SP;116;218.7;GUARULHOS;Falta de atenção;Colisão lateral;Sem Vítimas;Pleno dia;Crescente;Sol;Múltipla;Reta;Urbano;2;2
360748;2008-03-31;Segunda;07:00:00;SP;116;204.0;ARUJA;Falta de atenção;Colisão traseira;Sem Vítimas;Pleno dia;Crescente;Ceu Claro;Múltipla;Reta;Rural;2;2
360770;2008-03-27;Quinta;01:00:00;SP;116;212.0;GUARULHOS;Outras;Incêndio;Sem Vítimas;Plena noite;Crescente;Ceu Claro;Múltipla;Reta;Urbano;1;1
360786;2008-04-01;Terça;12:05:00;SP;116;227.0;GUARULHOS;Outras;Colisão com objeto fixo;Sem Vítimas;Pleno dia;Crescente;Ceu Claro;Múltipla;Reta;Urbano;1;1
360849;2008-04-02;Quarta;18:30:00;SP;116;219.0;GUARULHOS;Falta de atenção;Colisão traseira;Sem Vítimas;Plena noite;Decrescente;Ceu Claro;Múltipla;Reta;Urbano;3;3
360856;2008-04-02;Quarta;06:40:00;SP;116;228.9;SAO PAULO;Outras;Colisão lateral;Sem Vítimas;Pleno dia;Crescente;Ceu Claro;Múltipla;Reta;Urbano;2;2
360867;2008-03-31;Segunda;07:50:00;SP;116;225.2;GUARULHOS;Falta de atenção;Colisão traseira;Sem Vítimas;Pleno dia;Crescente;Ceu Claro;Múltipla;Reta;Urbano;2;2
360894;2008-04-03;Quinta;19:40:00;SP;116;125.0;CACAPAVA;Falta de atenção;Colisão traseira;Sem Vítimas;Plena noite;Crescente;Chuva;Dupla;Reta;Urbano;3;3
360902;2008-02-15;Sexta;17:00:00;SP;116;220.0;GUARULHOS;Outras;Colisão lateral;Com Vítimas Feridas;Pleno dia;Crescente;Ceu Claro;Múltipla;Reta;Urbano;3;2
361014;2008-03-31;Segunda;12:50:00;SP;116;180.9;GUARAREMA;Outras;Queda de motocicleta / bicicleta / veículo;Com Vítimas Feridas;Pleno dia;Decrescente;Ceu Claro;Dupla;Curva;Rural;1;1
361047;2008-04-03;Quinta;17:45:00;SP;116;186.7;SANTA ISABEL;Defeito mecânico em veículo;Colisão com objeto fixo;Sem Vítimas;Pleno dia;Decrescente;Chuva;Dupla;Curva;Rural;1;1
361160;2008-04-04;Sexta;18:50:00;SP;116;127.0;CACAPAVA;Falta de atenção;Colisão lateral;Sem Vítimas;Plena noite;Decrescente;Nublado;Dupla;Reta;Urbano;2;2
361201;2008-04-04;Sexta;15:00:00;SP;116;143.0;SAO JOSE DOS CAMPOS;Não guardar distância de segurança;Colisão lateral;Com Vítimas Feridas;Pleno dia;Crescente;Nublado;Dupla;Reta;Urbano;2;2
361245;2008-04-04;Sexta;17:35:00;SP;116;122.4;CACAPAVA;Não guardar distância de segurança;Colisão traseira;Com Vítimas Feridas;Pleno dia;Decrescente;Chuva;Dupla;Reta;Rural;4;2
361278;2008-04-04;Sexta;19:00:00;SP;116;126.0;CACAPAVA;Outras;Colisão lateral;Sem Vítimas;Plena noite;Decrescente;Chuva;Dupla;Reta;Rural;3;3
361432;2008-04-05;Sábado;04:15:00;SP;116;164.0;JACAREI;Outras;Colisão com bicicleta;Com Vítimas Feridas;Plena noite;Crescente;Ceu Claro;Dupla;Reta;Rural;2;2
361467;2008-03-31;Segunda;17:05:00;SP;116;211.6;GUARULHOS;Outras;Colisão com objeto fixo;Sem Vítimas;Pleno dia;Crescente;Ceu Claro;Múltipla;Reta;Urbano;1;1
361479;2008-04-05;Sábado;06:00:00;SP;116;147.1;SAO JOSE DOS CAMPOS;Outras;Queda de motocicleta / bicicleta / veículo;Com Vítimas Feridas;Amanhecer;Crescente;Ceu Claro;Dupla;Reta;Urbano;1;1
361487;2008-04-03;Quinta;09:45:00;SP;116;224.0;GUARULHOS;Outras;Colisão traseira;Sem Vítimas;Pleno dia;Decrescente;Nublado;Múltipla;Reta;Urbano;2;2
361503;2008-04-03;Quinta;11:00:00;SP;116;224.0;GUARULHOS;Outras;Queda de motocicleta / bicicleta / veículo;Com Vítimas Feridas;Pleno dia;Decrescente;Chuva;Múltipla;Reta;Urbano;1;1
361530;2008-04-04;Sexta;18:55:00;SP;116;157.0;SAO JOSE DOS CAMPOS;Outras;Colisão traseira;Sem Vítimas;Plena noite;Decrescente;Nublado;Dupla;Reta;Urbano;2;2
361559;2008-04-02;Quarta;23:00:00;SP;116;222.0;GUARULHOS;Falta de atenção;Colisão traseira;Sem Vítimas;Plena noite;Crescente;Chuva;Múltipla;Reta;Urbano;2;2
361567;2008-04-03;Quinta;11:15:00;SP;116;222.0;GUARULHOS;Falta de atenção;Colisão traseira;Sem Vítimas;Pleno dia;Decrescente;Chuva;Múltipla;Reta;Urbano;3;3
361592;2008-04-02;Quarta;20:30:00;SP;116;186.8;SANTA ISABEL;Outras;Saída de Pista;Com Vítimas Feridas;Anoitecer;Crescente;Chuva;Dupla;Reta;Rural;1;1
361605;2008-04-03;Quinta;12:40:00;SP;116;223.1;GUARULHOS;Outras;Colisão Transversal;Sem Vítimas;Plena noite;Decrescente;Nublado;Múltipla;Reta;Urbano;2;2
361640;2008-04-03;Quinta;20:35:00;SP;116;122.4;CACAPAVA;Outras;Colisão com objeto fixo;Sem Vítimas;Plena noite;Decrescente;Chuva;Dupla;Reta;Rural;2;2
361779;2008-04-06;Domingo;03:20:00;SP;116;104.8;TAUBATE;Outras;Colisão lateral;Com Vítimas Feridas;Plena noite;Crescente;Nublado;Múltipla;Reta;Rural;3;2
361797;2008-04-02;Quarta;22:55:00;SP;116;218.8;GUARULHOS;Falta de atenção;Colisão traseira;Sem Vítimas;Plena noite;Decrescente;Nublado;Múltipla;Reta;Urbano;3;3