id;data_inversa;dia_semana;horario;uf;br;km;municipio;causa_acidente;tipo_acidente;classificacao_acidente;fase_dia;sentido_via;condicao_metereologica;tipo_pista;tracado_via;uso_solo;pessoas;veiculos
361822;2008-04-05;Sábado;19:15:00;SP;116;221.7;GUARULHOS;Não guardar distância de segurança;Colisão traseira;Sem Vítimas;Plena noite;Crescente;Nublado;Múltipla;Reta;Urbano;5;5
361864;2008-04-05;Sábado;15:30:00;SP;116;219.2;GUARULHOS;Falta de atenção;Colisão traseira;Com Vítimas Feridas;Pleno dia;Crescente;Nublado;Múltipla;Reta;Urbano;2;2
361877;2008-04-05;Sábado;14:50:00;SP;116;224.0;GUARULHOS;Outras;Colisão com objeto fixo;Sem Vítimas;Pleno dia;Decrescente;Sol;Múltipla;Curva;Urbano;1;1
361938;2008-04-06;Domingo;18:00:00;SP;116;218.0;GUARULHOS;Falta de atenção;Colisão traseira;Sem Vítimas;Anoitecer;Decrescente;Chuva;Múltipla;Reta;Urbano;2;2
361940;2008-04-05;Sábado;18:15:00;SP;116;220.0;GUARULHOS;Outras;Queda de motocicleta / bicicleta / veículo;Com Vítimas Feridas;Anoitecer;Crescente;Nublado;Múltipla;Reta;Urbano;3;2
361958;2008-04-06;Domingo;16:10:00;SP;116;169.9;JACAREI;Outras;Colisão com objeto fixo;Com Vítimas Feridas;Pleno dia;Crescente;Chuva;Dupla;Reta;Rural;2;1
361964;2008-04-05;Sábado;18:17:00;SP;116;220.5;GUARULHOS;Defeito mecânico em veículo;Colisão traseira;Com Vítimas Feridas;Plena noite;Crescente;Nublado;Múltipla;Reta;Urbano;5;2
361978;2008-04-06;Domingo;16:16:00;SP;116;225.0;GUARULHOS;Outras;Colisão traseira;Sem Vítimas;Pleno dia;Decrescente;Chuva;Múltipla;Reta;Urbano;2;2
361999;2008-04-03;Quinta;13:00:00;SP;116;216.0;GUARULHOS;Não guardar distância de segurança;Tombamento;Sem Vítimas;Pleno dia;Decrescente;Chuva;Múltipla;Reta;Rural;1;1
362011;2008-04-06;Domingo;18:45:00;SP;116;144.2;SAO JOSE DOS CAMPOS;Outras;Colisão traseira;Com Vítimas Feridas;Plena noite;Crescente;Chuva;Dupla;Reta;Urbano;4;3
362077;2008-04-03;Quinta;00:30:00;SP;116;143.2;SAO JOSE DOS CAMPOS;Outras;Colisão com objeto fixo;Sem Vítimas;Plena noite;Decrescente;Nublado;Dupla;Reta;Urbano;1;1
362084;2008-03-30;Domingo;00:10:00;SP;116;219.0;GUARULHOS;Outras;Colisão com objeto fixo;Sem Vítimas;Plena noite;Crescente;Chuva;Múltipla;Reta;Urbano;1;1
362094;2008-04-06;Domingo;16:15:00;SP;116;137.8;SAO JOSE DOS CAMPOS;Falta de atenção;Colisão traseira;Com Vítimas Feridas;Pleno dia;Crescente;Chuva;Dupla;Reta;Rural;4;3
362148;2008-04-06;Domingo;22:30:00;SP;116;192.7;SANTA ISABEL;Outras;Saída de Pista;Sem Vítimas;Plena noite;Crescente;Chuva;Dupla;Reta;Rural;1;1
362151;2008-04-03;Quinta;14:00:00;SP;116;110.5;TAUBATE;Falta de atenção;Colisão traseira;Sem Vítimas;Pleno dia;Decrescente;Chuva;Simples;Reta;Rural;2;2
362157;2008-04-06;Domingo;23:15:00;SP;116;177.4;GUARAREMA;Outras;Colisão lateral;Sem Vítimas;Plena noite;Crescente;Chuva;Dupla;Reta;Rural;2;2
362176;2008-04-05;Sábado;02:20:00;SP;116;160.5;JACAREI;Outras;Colisão traseira;Sem Vítimas;Plena noite;Crescente;Nublado;Dupla;Reta;Urbano;3;3
362185;2008-04-01;Terça;08:30:00;SP;116;214.6;GUARULHOS;Não guardar distância de segurança;Colisão traseira;Com Vítimas Feridas;Pleno dia;Crescente;Sol;Múltipla;Reta;Urbano;4;3
362207;2008-04-03;Quinta;17:15:00;SP;116;203.5;ARUJA;Falta de atenção;Colisão lateral;Sem Vítimas;Pleno dia;Decrescente;Chuva;Dupla;Reta;Urbano;2;2
362248;2008-04-03;Quinta;22:30:00;SP;116;149.0;SAO JOSE DOS CAMPOS;Outras;Colisão traseira;Sem Vítimas;Plena noite;Crescente;Chuva;Dupla;Reta;Urbano;2;2
362273;2008-04-03;Quinta;18:00:00;SP;116;144.0;SAO JOSE DOS CAMPOS;Outras;Colisão traseira;Sem Vítimas;Anoitecer;Crescente;Ceu Claro;Dupla;Reta;Urbano;3;3
362280;2008-04-02;Quarta;21:45:00;SP;116;214.9;GUARULHOS;Falta de atenção;Colisão traseira;Sem Vítimas;Plena noite;Decrescente;Ceu Claro;Múltipla;Reta;Urbano;2;2
362300;2008-04-01;Terça;15:30:00;SP;116;207.0;GUARULHOS;Falta de atenção;Colisão lateral;Sem Vítimas;Pleno dia;Decrescente;Sol;Múltipla;Reta;Urbano;2;2
362310;2008-04-02;Quarta;21:48:00;SP;116;214.9;GUARULHOS;Falta de atenção;Colisão traseira;Sem Vítimas;Plena noite;Decrescente;Ceu Claro;Múltipla;Reta;Urbano;2;2
362325;2008-04-05;Sábado;03:40:00;SP;116;214.0;GUARULHOS;Outras;Colisão traseira;Sem Vítimas;Plena noite;Decrescente;Ceu Claro;Múltipla;Reta;Urbano;2;2
362349;2008-04-05;Sábado;05:50:00;SP;116;165.0;JACAREI;Defeito mecânico em veículo;Colisão traseira;Sem Vítimas;Amanhecer;Decrescente;Nublado;Múltipla;Reta;Rural;3;3
362365;2008-04-02;Quarta;08:10:00;SP;116;222.0;GUARULHOS;Outras;Colisão com objeto fixo;Com Vítimas Feridas;Pleno dia;Decrescente;Sol;Múltipla;Reta;Urbano;2;2
362404;2008-04-04;Sexta;17:00:00;SP;116;144.2;SAO JOSE DOS CAMPOS;Outras;Colisão traseira;Sem Vítimas;Pleno dia;Crescente;Nublado;Dupla;Reta;Urbano;3;3
362429;2008-04-03;Quinta;13:30:00;SP;116;183.0;SANTA ISABEL;Outras;Saída de Pista;Sem Vítimas;Pleno dia;Crescente;Chuva;Dupla;Reta;Urbano;1;1
362473;2008-04-06;Domingo;14:50:00;SP;116;211.0;GUARULHOS;Outras;Colisão traseira;Sem Vítimas;Pleno dia;Decrescente;Nevoeiro/neblina;Múltipla;Reta;Urbano;2;2
362491;2008-04-07;Segunda;09:40:00;SP;116;215.0;GUARULHOS;Falta de atenção;Colisão traseira;Sem Vítimas;Pleno dia;Decrescente;Nublado;Múltipla;Reta;Urbano;2;2
362512;2008-04-07;Segunda;09:40:00;SP;116;130.4;CACAPAVA;Defeito na via;Danos Eventuais;Sem Vítimas;Pleno dia;Crescente;Nublado;Dupla;Reta;Urbano;1;1
362584;2008-04-07;Segunda;09:00:00;SP;116;219.9;GUARULHOS;Falta de atenção;Colisão traseira;Sem Vítimas;Pleno dia;Crescente;Nublado;Múltipla;Reta;Urbano;2;2
362594;2008-04-07;Segunda;16:45:00;SP;116;220.0;GUARULHOS;Defeito mecânico em veículo;Incêndio;Sem Vítimas;Pleno dia;Crescente;Chuva;Dupla;Reta;Urbano;1;1
362600;2008-04-05;Sábado;05:30:00;SP;116;140.1;SAO JOSE DOS CAMPOS;Não guardar distância de segurança;Colisão traseira;Com Vítimas Feridas;Plena noite;Decrescente;Nublado;Dupla;Reta;Urbano;3;3
362681;2008-04-05;Sábado;06:15:00;SP;116;138.0;SAO JOSE DOS CAMPOS;Não guardar distância de segurança;Colisão traseira;Sem Vítimas;Amanhecer;Crescente;Nublado;Dupla;Reta;Urbano;2;2
362691;2008-04-04;Sexta;14:50:00;SP;116;145.5;SAO JOSE DOS CAMPOS;Outras;Colisão traseira;Sem Vítimas;Pleno dia;Decrescente;Nublado;Dupla;Reta;Urbano;5;5
362702;2008-04-07;Segunda;18:20:00;SP;116;160.0;JACAREI;Outras;Colisão traseira;Com Vítimas Feridas;Plena noite;Crescente;Ceu Claro;Dupla;Reta;Rural;2;2
362709;2008-04-02;Quarta;08:30:00;SP;116;228.0;SAO PAULO;Falta de atenção;Colisão traseira;Sem Vítimas;Pleno dia;Crescente;Ceu Claro;Múltipla;Reta;Urbano;2;2
362774;2008-04-07;Segunda;18:15:00;SP;116;186.1;SANTA ISABEL;Outras;Colisão traseira;Sem Vítimas;Anoitecer;Decrescente;Chuva;Dupla;Curva;Rural;2;2
362898;2008-04-05;Sábado;01:00:00;SP;116;197.3;ARUJA;Dormindo;Colisão traseira;Com Vítimas Feridas;Plena noite;Crescente;Nublado;Dupla;Reta;Rural;2;2
362905;2008-04-07;Segunda;18:20:00;SP;116;156.0;SAO JOSE DOS CAMPOS;Outras;Colisão traseira;Sem Vítimas;Plena noite;Decrescente;Ceu Claro;Dupla;Reta;Urbano;3;3
362951;2008-04-07;Segunda;06:40:00;SP;116;218.0;GUARULHOS;Não guardar distância de segurança;Colisão traseira;Sem Vítimas;Pleno dia;Crescente;Nublado;Múltipla;Reta;Rural;3;3
362952;2008-04-05;Sábado;20:45:00;SP;116;210.0;GUARULHOS;Falta de atenção;Colisão com objeto fixo;Sem Vítimas;Plena noite;Decrescente;Ceu Claro;Múltipla;Reta;Urbano;1;1
362957;2008-04-06;Domingo;16:15:00;SP;116;225.0;GUARULHOS;Outras;Colisão traseira;Com Vítimas Feridas;Pleno dia;Decrescente;Chuva;Múltipla;Reta;Urbano;6;6
362967;2008-04-04;Sexta;03:55:00;SP;116;225.5;GUARULHOS;Falta de atenção;Capotamento;Com Vítimas Feridas;Plena noite;Crescente;Nublado;Múltipla;Reta;Urbano;3;2
363016;2008-04-09;Quarta;02:00:00;SP;116;226.4;GUARULHOS;Outras;Colisão traseira;Sem Vítimas;Plena noite;Decrescente;Ceu Claro;Múltipla;Reta;Urbano;2;2
363085;2008-04-07;Segunda;20:00:00;SP;116;218.0;GUARULHOS;Não guardar distância de segurança;Colisão traseira;Sem Vítimas;Plena noite;Crescente;Ceu Claro;Múltipla;Reta;Urbano;3;3
363124;2008-04-07;Segunda;20:40:00;SP;116;225.0;GUARULHOS;Falta de atenção;Colisão traseira;Sem Vítimas;Plena noite;Decrescente;Nublado;Simples;Reta;Urbano;2;2
363129;2008-04-06;Domingo;07:00:00;SP;116;116.6;TAUBATE;Não guardar distância de segurança;Colisão lateral;Sem Vítimas;Pleno dia;Crescente;Ceu Claro;Dupla;Reta;Urbano;2;2
363142;2008-04-08;Terça;06:30:00;SP;116;225.0;GUARULHOS;Outras;Colisão traseira;Sem Vítimas;Amanhecer;Crescente;Ceu Claro;Múltipla;Reta;Urbano;2;2
363179;2008-04-06;Domingo;01:25:00;SP;116;138.4;SAO JOSE DOS CAMPOS;Outras;Atropelamento de pessoa;Com Vítimas Feridas;Plena noite;Decrescente;Ceu Claro;Dupla;Reta;Urbano;3;1
363283;2008-04-08;Terça;18:15:00;SP;116;215.0;GUARULHOS;Defeito mecânico em veículo;Queda de motocicleta / bicicleta / veículo;Com Vítimas Feridas;Anoitecer;Crescente;Chuva;Dupla;Reta;Urbano;1;1
363316;2008-04-07;Segunda;18:00:00;SP;116;217.0;GUARULHOS;Outras;Colisão com objeto fixo;Sem Vítimas;Anoitecer;Crescente;Chuva;Dupla;Reta;Urbano;2;2
363364;2008-04-06;Domingo;21:40:00;SP;116;187.2;SANTA ISABEL;Outras;Saída de Pista;Com Vítimas Feridas;Plena noite;Crescente;Chuva;Dupla;Reta;Urbano;2;1
363373;2008-04-06;Domingo;00:50:00;SP;116;112.0;TAUBATE;Falta de atenção;Colisão traseira;Com Vítimas Feridas;Plena noite;Crescente;Nublado;Dupla;Reta;Urbano;3;2
363392;2008-04-05;Sábado;17:25:00;SP;116;218.0;GUARULHOS;Falta de atenção;Colisão traseira;Sem Vítimas;Pleno dia;Decrescente;Nublado;Múltipla;Reta;Rural;2;2
363395;2008-04-03;Quinta;17:50:00;SP;116;229.0;SAO PAULO;Outras;Colisão traseira;Com Vítimas Feridas;Plena noite;Decrescente;Ceu Claro;Múltipla;Reta;Urbano;2;2
363414;2008-04-03;Quinta;10:00:00;SP;116;224.0;GUARULHOS;Outras;Colisão traseira;Sem Vítimas;Pleno dia;Decrescente;Ceu Claro;Múltipla;Reta;Urbano;2;2
363421;2008-04-09;Quarta;15:40:00;SP;116;127.0;CACAPAVA;Não guardar distância de segurança;Colisão traseira;Sem Vítimas;Pleno dia;Decrescente;Ceu Claro;Dupla;Reta;Urbano;2;2
363499;2008-04-03;Quinta;05:50:00;SP;116;125.1;CACAPAVA;Outras;Colisão traseira;Com Vítimas Feridas;Amanhecer;Decrescente;Nublado;Dupla;Reta;Rural;2;2
363515;2008-04-10;Quinta;07:45:00;SP;116;157.0;SAO JOSE DOS CAMPOS;Não guardar distância de segurança;Colisão traseira;Sem Vítimas;Pleno dia;Decrescente;Nublado;Dupla;Reta;Urbano;3;3
363520;2008-04-07;Segunda;14:00:00;SP;116;218.0;GUARULHOS;Falta de atenção;Colisão traseira;Sem Vítimas;Pleno dia;Decrescente;Sol;Múltipla;Reta;Urbano;3;3
363542;2008-04-06;Domingo;22:05:00;SP;116;198.0;ARUJA;Outras;Colisão traseira;Sem Vítimas;Plena noite;Decrescente;Chuva;Dupla;Curva;Rural;2;2
363549;2008-04-08;Terça;06:45:00;SP;116;207.5;GUARULHOS;Outras;Colisão com objeto fixo;Com Vítimas Feridas;Pleno dia;Decrescente;Nublado;Dupla;Reta;Urbano;2;2
363567;2008-04-03;Quinta;11:30:00;SP;116;224.6;GUARULHOS;Outras;Colisão traseira;Sem Vítimas;Pleno dia;Decrescente;Ceu Claro;Múltipla;Reta;Urbano;2;2
363572;2008-04-09;Quarta;10:30:00;SP;116;218.0;GUARULHOS;Falta de atenção;Colisão traseira;Com Vítimas Feridas;Pleno dia;Crescente;Sol;Múltipla;Reta;Urbano;2;2
363586;2008-04-10;Quinta;11:30:00;SP;116;154.3;SAO JOSE DOS CAMPOS;Falta de atenção;Colisão traseira;Sem Vítimas;Pleno dia;Crescente;Nublado;Dupla;Reta;Urbano;2;2
363650;2008-04-07;Segunda;05:40:00;SP;116;200.0;ARUJA;Outras;Colisão traseira;Sem Vítimas;Amanhecer;Crescente;Nublado;Dupla;Curva;Rural;2;2
363669;2008-04-06;Domingo;20:00:00;SP;116;210.0;GUARULHOS;Outras;Colisão traseira;Sem Vítimas;Plena noite;Crescente;Chuva;Dupla;Reta;Urbano;3;3
363726;2008-04-10;Quinta;17:40:00;SP;116;148.1;SAO JOSE DOS CAMPOS;Outras;Colisão traseira;Sem Vítimas;Anoitecer;Decrescente;Chuva;Dupla;Reta;Urbano;3;3
363741;2008-04-10;Quinta;16:20:00;SP;116;150.0;SAO JOSE DOS CAMPOS;Outras;Colisão com objeto fixo;Sem Vítimas;Anoitecer;Decrescente;Chuva;Dupla;Reta;Urbano;1;1
363746;2008-04-06;Domingo;17:00:00;SP;116;136.0;SAO JOSE DOS CAMPOS;Falta de atenção;Colisão traseira;Sem Vítimas;Pleno dia;Crescente;Chuva;Dupla;Reta;Rural;3;3
363779;2008-04-08;Terça;16:15:00;SP;116;157.0;SAO JOSE DOS CAMPOS;Outras;Colisão lateral;Sem Vítimas;Pleno dia;Decrescente;Chuva;Dupla;Reta;Urbano;2;2
363801;2008-04-08;Terça;18:15:00;SP;116;155.0;SAO JOSE DOS CAMPOS;Outras;Colisão lateral;Sem Vítimas;Anoitecer;Crescente;Chuva;Dupla;Reta;Urbano;3;3
363835;2008-04-08;Terça;18:30:00;SP;116;219.0;GUARULHOS;Falta de atenção;Colisão traseira;Com Vítimas Feridas;Anoitecer;Decrescente;Chuva;Múltipla;Reta;Urbano;5;5
363838;2008-04-07;Segunda;17:50:00;SP;116;217.0;GUARULHOS;Falta de atenção;Colisão traseira;Sem Vítimas;Anoitecer;Crescente;Chuva;Múltipla;Reta;Urbano;4;4
363849;2008-04-07;Segunda;09:30:00;SP;116;214.9;GUARULHOS;Defeito mecânico em veículo;Danos Eventuais;Ignorado;Pleno dia;Decrescente;Ceu Claro;Múltipla;Reta;Urbano;1;1
363938;2008-04-07;Segunda;17:20:00;SP;116;197.0;ARUJA;Outras;Colisão com objeto fixo;Sem Vítimas;Anoitecer;Decrescente;Chuva;Múltipla;Curva;Rural;1;1
363956;2008-04-08;Terça;15:20:00;SP;116;142.7;SAO JOSE DOS CAMPOS;Outras;Saída de Pista;Com Vítimas Feridas;Pleno dia;Crescente;Chuva;Dupla;Reta;Urbano;1;1
364044;2008-04-08;Terça;19:00:00;SP;116;157.0;SAO JOSE DOS CAMPOS;Outras;Colisão traseira;Sem Vítimas;Plena noite;Decrescente;Chuva;Múltipla;Reta;Urbano;3;3
364070;2008-04-07;Segunda;14:50:00;SP;116;187.5;SANTA ISABEL;Outras;Colisão traseira;Com Vítimas Feridas;Pleno dia;Decrescente;Chuva;Dupla;Cruzamento;Rural;6;4
364073;2008-04-09;Quarta;01:10:00;SP;116;160.0;JACAREI;Outras;Colisão lateral;Sem Vítimas;Plena noite;Crescente;Nublado;Simples;Reta;Urbano;2;2
364162;2008-04-08;Terça;18:20:00;SP;116;156.0;SAO JOSE DOS CAMPOS;Outras;Colisão traseira;Sem Vítimas;Plena noite;Decrescente;Chuva;Dupla;Reta;Urbano;4;4
364229;2008-04-10;Quinta;23:30:00;SP;116;222.4;GUARULHOS;Defeito mecânico em veículo;Colisão lateral;Sem Vítimas;Plena noite;Decrescente;Ceu Claro;Múltipla;Reta;Urbano;2;2
364320;2008-04-09;Quarta;05:20:00;SP;116;111.0;TAUBATE;Falta de atenção;Colisão traseira;Sem Vítimas;Amanhecer;Crescente;Nublado;Dupla;Reta;Urbano;2;2
364326;2008-04-11;Sexta;14:30:00;SP;116;228.0;SAO PAULO;Outras;Colisão traseira;Sem Vítimas;Pleno dia;Crescente;Ceu Claro;Múltipla;Reta;Urbano;2;2
364365;2008-04-10;Quinta;19:30:00;SP;116;110.4;TAUBATE;Falta de atenção;Colisão traseira;Sem Vítimas;Plena noite;Decrescente;Chuva;Dupla;Reta;Urbano;2;2
364477;2008-04-12;Sábado;10:00:00;SP;116;109.5;TAUBATE;Não guardar distância de segurança;Colisão traseira;Com Vítimas Feridas;Pleno dia;Crescente;Sol;Dupla;Reta;Urbano;2;2
364506;2008-04-07;Segunda;16:00:00;SP;116;191.0;SANTA ISABEL;Outras;Colisão traseira;Sem Vítimas;Pleno dia;Decrescente;Chuva;Dupla;Reta;Rural;3;3
364579;2008-04-12;Sábado;21:20:00;SP;116;212.0;GUARULHOS;Falta de atenção;Colisão traseira;Sem Vítimas;Plena noite;Decrescente;Ceu Claro;Múltipla;Reta;Urbano;2;2
364596;2008-04-12;Sábado;22:00:00;SP;116;152.8;SAO JOSE DOS CAMPOS;Falta de atenção;Colisão lateral;Sem Vítimas;Plena noite;Decrescente;Ceu Claro;Dupla;Reta;Urbano;2;2
364690;2008-04-13;Domingo;03:50:00;SP;116;148.0;SAO JOSE DOS CAMPOS;Outras;Capotamento;Com Vítimas Feridas;Plena noite;Crescente;Ceu Claro;Dupla;Reta;Urbano;1;1
364722;2008-04-12;Sábado;05:00:00;SP;116;225.5;GUARULHOS;Dormindo;Colisão traseira;Com Vítimas Feridas;Plena noite;Crescente;Ceu Claro;Múltipla;Reta;Urbano;4;4
364751;2008-04-08;Terça;16:17:00;SP;116;189.6;SANTA ISABEL;Outras;Colisão lateral;Sem Vítimas;Pleno dia;Crescente;Chuva;Dupla;Reta;Rural;2;2
364786;2008-04-08;Terça;17:10:00;SP;116;218.0;GUARULHOS;Desobediência à sinalização;Colisão traseira;Com Vítimas Feridas;Pleno dia;Crescente;Chuva;Múltipla;Reta;Urbano;2;2
364795;2008-04-11;Sexta;15:20:00;SP;116;219.0;GUARULHOS;Velocidade incompatível;Colisão com objeto fixo;Sem Vítimas;Pleno dia;Crescente;Ceu Claro;Múltipla;Reta;Rural;1;1
364802;2008-04-12;Sábado;10:20:00;SP;116;224.0;GUARULHOS;Outras;Colisão traseira;Sem Vítimas;Pleno dia;Decrescente;Sol;Múltipla;Reta;Rural;3;3
364862;2008-04-11;Sexta;16:00:00;SP;116;217.0;GUARULHOS;Outras;Colisão traseira;Com Vítimas Feridas;Pleno dia;Decrescente;Ceu Claro;Múltipla;Reta;Urbano;3;2
364864;2008-04-12;Sábado;13:45:00;SP;116;204.3;ARUJA;Outras;Colisão traseira;Sem Vítimas;Pleno dia;Crescente;Sol;Dupla;Reta;Rural;2;2
364874;2008-04-10;Quinta;14:45:00;SP;116;168.0;JACAREI;Falta de atenção;Colisão com objeto fixo;Sem Vítimas;Pleno dia;Crescente;Nublado;Simples;Reta;Rural;1;1
364883;2008-04-09;Quarta;17:30:00;SP;116;157.0;SAO JOSE DOS CAMPOS;Outras;Colisão traseira;Sem Vítimas;Pleno dia;Decrescente;Ceu Claro;Dupla;Reta;Urbano;2;2
364935;2008-04-10;Quinta;07:30:00;SP;116;222.3;GUARULHOS;Falta de atenção;Colisão traseira;Sem Vítimas;Pleno dia;Crescente;Ceu Claro;Múltipla;Reta;Urbano;2;2
364964;2008-04-09;Quarta;16:10:00;SP;116;227.8;SAO PAULO;Defeito mecânico em veículo;Colisão traseira;Sem Vítimas;Pleno dia;Crescente;Ceu Claro;Múltipla;Reta;Urbano;2;2
364971;2008-04-12;Sábado;20:20:00;SP;116;223.0;GUARULHOS;Outras;Colisão traseira;Sem Vítimas;Plena noite;Decrescente;Ceu Claro;Múltipla;Reta;Urbano;2;2
365017;2008-04-12;Sábado;18:55:00;SP;116;199.0;ARUJA;Falta de atenção;Colisão traseira;Sem Vítimas;Plena noite;Crescente;Ceu Claro;Dupla;Reta;Urbano;2;2
365078;2008-04-13;Domingo;03:00:00;SP;116;219.0;GUARULHOS;Ingestão de álcool;Colisão com objeto fixo;Com Vítimas Fatais;Plena noite;Crescente;Ceu Claro;Múltipla;Reta;Urbano;2;1
365085;2008-04-13;Domingo;22:00:00;SP;116;111.1;TAUBATE;Outras;Queda de motocicleta / bicicleta / veículo;Com Vítimas Feridas;Plena noite;Decrescente;Ceu Claro;Dupla;Reta;Urbano;2;1
365100;2008-04-10;Quinta;12:40:00;SP;116;221.0;GUARULHOS;Não guardar distância de segurança;Colisão traseira;Sem Vítimas;Pleno dia;Crescente;Ceu Claro;Múltipla;Reta;Urbano;2;2
365126;2008-04-12;Sábado;07:50:00;SP;116;206.0;GUARULHOS;Outras;Colisão traseira;Sem Vítimas;Pleno dia;Crescente;Ceu Claro;Dupla;Reta;Rural;2;2
365130;2008-04-11;Sexta;22:45:00;SP;116;144.0;SAO JOSE DOS CAMPOS;Outras;Colisão lateral;Sem Vítimas;Plena noite;Decrescente;Ceu Claro;Dupla;Reta;Urbano;2;2
365132;2008-04-13;Domingo;04:50:00;SP;116;144.5;SAO JOSE DOS CAMPOS;Outras;Colisão traseira;Sem Vítimas;Plena noite;Crescente;Ceu Claro;Dupla;Reta;Urbano;2;2
365143;2008-04-12;Sábado;14:20:00;SP;116;196.5;ARUJA;Outras;Colisão traseira;Com Vítimas Feridas;Pleno dia;Crescente;Chuva;Dupla;Reta;Rural;2;2
365156;2008-04-13;Domingo;18:20:00;SP;116;203.0;ARUJA;Falta de atenção;Colisão traseira;Sem Vítimas;Plena noite;Decrescente;Nublado;Dupla;Reta;Urbano;3;3
365164;2008-04-10;Quinta;16:00:00;SP;116;140.6;SAO JOSE DOS CAMPOS;Outras;Colisão traseira;Sem Vítimas;Pleno dia;Decrescente;Chuva;Dupla;Reta;Urbano;3;3
365193;2008-04-13;Domingo;10:10:00;SP;116;221.0;GUARULHOS;Falta de atenção;Colisão traseira;Sem Vítimas;Pleno dia;Decrescente;Sol;Simples;Reta;Urbano;2;2
365341;2008-04-06;Domingo;17:30:00;SP;116;132.2;CACAPAVA;Não guardar distância de segurança;Colisão traseira;Sem Vítimas;Pleno dia;Crescente;Chuva;Dupla;Reta;Rural;2;2
365349;2008-04-14;Segunda;11:40:00;SP;116;119.0;TAUBATE;Outras;Colisão com objeto fixo;Sem Vítimas;Pleno dia;Decrescente;Nublado;Dupla;Reta;Rural;1;1
365351;2008-04-14;Segunda;14:05:00;SP;116;145.0;SAO JOSE DOS CAMPOS;Não guardar distância de segurança;Colisão traseira;Sem Vítimas;Pleno dia;Crescente;Chuva;Dupla;Reta;Urbano;3;3
365372;2008-04-14;Segunda;07:50:00;SP;116;227.5;SAO PAULO;Outras;Colisão traseira;Com Vítimas Feridas;Pleno dia;Crescente;Chuva;Múltipla;Reta;Urbano;2;2
365386;2008-04-14;Segunda;18:30:00;SP;116;219.9;GUARULHOS;Outras;Colisão lateral;Com Vítimas Feridas;Anoitecer;Decrescente;Nublado;Múltipla;Reta;Urbano;2;2
365451;2008-04-14;Segunda;22:30:00;SP;116;154.0;SAO JOSE DOS CAMPOS;Ingestão de álcool;Colisão traseira;Sem Vítimas;Plena noite;Crescente;Chuva;Dupla;Reta;Urbano;2;2
365472;2008-04-14;Segunda;18:15:00;SP;116;218.0;GUARULHOS;Outras;Colisão lateral;Com Vítimas Feridas;Plena noite;Crescente;Ceu Claro;Múltipla;Reta;Urbano;2;2
365473;2008-04-11;Sexta;19:30:00;SP;116;224.0;GUARULHOS;Outras;Colisão traseira;Com Vítimas Feridas;Anoitecer;Crescente;Nublado;Múltipla;Reta;Urbano;2;2
365483;2008-04-14;Segunda;23:00:00;SP;116;217.3;GUARULHOS;Não guardar distância de segurança;Colisão com bicicleta;Com Vítimas Feridas;Plena noite;Decrescente;Chuva;Múltipla;Reta;Rural;2;2
365528;2008-04-11;Sexta;10:35:00;SP;116;172.2;JACAREI;Falta de atenção;Colisão traseira;Com Vítimas Feridas;Pleno dia;Decrescente;Ceu Claro;Dupla;Reta;Rural;4;3
365602;2008-04-11;Sexta;23:30:00;SP;116;107.5;TAUBATE;Outras;Capotamento;Com Vítimas Feridas;Plena noite;Decrescente;Nublado;Dupla;Reta;Urbano;2;2
365668;2008-04-12;Sábado;03:30:00;SP;116;149.3;SAO JOSE DOS CAMPOS;Outras;Colisão com objeto fixo;Sem Vítimas;Plena noite;Decrescente;Ceu Claro;Múltipla;Reta;Urbano;1;1
365680;2008-04-10;Quinta;09:00:00;SP;116;212.0;GUARULHOS;Outras;Colisão lateral;Sem Vítimas;Pleno dia;Crescente;Sol;Múltipla;Reta;Urbano;2;2
365717;2008-04-13;Domingo;03:25:00;SP;116;206.0;GUARULHOS;Não guardar distância de segurança;Colisão traseira;Com Vítimas Feridas;Plena noite;Crescente;Nublado;Dupla;Reta;Urbano;2;2
365733;2008-04-08;Terça;19:44:00;SP;116;101.2;PINDAMONHANGABA;Outras;Colisão traseira;Com Vítimas Feridas;Plena noite;Decrescente;Nublado;Múltipla;Reta;Rural;3;2
365761;2008-04-11;Sexta;18:50:00;SP;116;229.0;SAO PAULO;Falta de atenção;Colisão traseira;Sem Vítimas;Anoitecer;Crescente;Ceu Claro;Múltipla;Reta;Urbano;2;2
365763;2008-04-13;Domingo;22:00:00;SP;116;165.0;JACAREI;Ultrapassagem indevida;Colisão lateral;Sem Vítimas;Plena noite;Crescente;Nublado;Múltipla;Reta;Urbano;2;2
365776;2008-04-12;Sábado;02:00:00;SP;116;101.0;PINDAMONHANGABA;Outras;Colisão traseira;Sem Vítimas;Plena noite;Decrescente;Ceu Claro;Dupla;Reta;Rural;2;2