id;data_inversa;dia_semana;horario;uf;br;km;municipio;causa_acidente;tipo_acidente;classificacao_acidente;fase_dia;sentido_via;condicao_metereologica;tipo_pista;tracado_via;uso_solo;pessoas;veiculos
369787;2008-04-23;Quarta;16:00:00;SP;116;219.8;GUARULHOS;Outras;Colisão lateral;Sem Vítimas;Pleno dia;Crescente;Ceu Claro;Múltipla;Reta;Urbano;2;2
369796;2008-04-24;Quinta;20:30:00;SP;116;134.0;CACAPAVA;Velocidade incompatível;Colisão traseira;Com Vítimas Feridas;Plena noite;Crescente;Ceu Claro;Dupla;Reta;Urbano;2;2
369801;2008-04-22;Terça;16:30:00;SP;116;219.0;GUARULHOS;Falta de atenção;Colisão lateral;Sem Vítimas;Pleno dia;Decrescente;Chuva;Múltipla;Reta;Urbano;2;2
369808;2008-04-22;Terça;18:30:00;SP;116;225.0;GUARULHOS;Outras;Colisão lateral;Sem Vítimas;Plena noite;Decrescente;Ceu Claro;Múltipla;Reta;Urbano;2;2
369857;2008-04-22;Terça;17:40:00;SP;116;219.0;GUARULHOS;Outras;Colisão lateral;Sem Vítimas;Pleno dia;Decrescente;Ceu Claro;Múltipla;Reta;Urbano;2;2
369879;2008-04-20;Domingo;01:30:00;SP;116;220.0;GUARULHOS;Defeito mecânico em veículo;Colisão com objeto fixo;Com Vítimas Feridas;Plena noite;Decrescente;Nublado;Múltipla;Reta;Urbano;4;4
369939;2008-04-23;Quarta;08:40:00;SP;116;158.0;JACAREI;Outras;Colisão com objeto fixo;Com Vítimas Feridas;Pleno dia;Crescente;Ceu Claro;Dupla;Reta;Urbano;2;2
369965;2008-04-21;Segunda;15:30:00;SP;116;191.0;SANTA ISABEL;Outras;Colisão lateral;Sem Vítimas;Pleno dia;Crescente;Ceu Claro;Dupla;Reta;Urbano;2;2
369987;2008-04-23;Quarta;08:10:00;SP;116;220.0;GUARULHOS;Não guardar distância de segurança;Colisão lateral;Sem Vítimas;Amanhecer;Crescente;Sol;Múltipla;Reta;Urbano;2;2
369992;2008-04-25;Sexta;11:30:00;SP;116;220.0;GUARULHOS;Outras;Colisão lateral;Sem Vítimas;Pleno dia;Decrescente;Sol;Múltipla;Cruzamento;Urbano;2;2
370032;2008-04-22;Terça;00:40:00;SP;116;177.0;GUARAREMA;Outras;Colisão com objeto fixo;Com Vítimas Fatais;Plena noite;Crescente;Nublado;Dupla;Reta;Rural;4;3
370044;2008-04-24;Quinta;08:00:00;SP;116;225.0;GUARULHOS;Falta de atenção;Colisão lateral;Sem Vítimas;Amanhecer;Decrescente;Sol;Múltipla;Reta;Urbano;2;2
370064;2008-04-24;Quinta;20:10:00;SP;116;144.0;SAO JOSE DOS CAMPOS;Outras;Colisão traseira;Sem Vítimas;Plena noite;Crescente;Nublado;Dupla;Reta;Urbano;2;2
370072;2008-04-25;Sexta;00:50:00;SP;116;144.0;SAO JOSE DOS CAMPOS;Outras;Colisão lateral;Sem Vítimas;Plena noite;Decrescente;Nublado;Dupla;Reta;Urbano;2;2
370098;2008-04-25;Sexta;08:38:00;SP;116;216.0;GUARULHOS;Falta de atenção;Colisão traseira;Sem Vítimas;Pleno dia;Crescente;Ceu Claro;Múltipla;Reta;Urbano;3;3
370154;2008-04-25;Sexta;17:45:00;SP;116;142.8;SAO JOSE DOS CAMPOS;Falta de atenção;Colisão traseira;Sem Vítimas;Anoitecer;Crescente;Ceu Claro;Dupla;Reta;Urbano;2;2
370206;2008-04-25;Sexta;22:20:00;SP;116;139.5;SAO JOSE DOS CAMPOS;Falta de atenção;Colisão traseira;Sem Vítimas;Plena noite;Decrescente;Ceu Claro;Dupla;Reta;Urbano;3;3
370220;2008-04-25;Sexta;19:40:00;SP;116;210.5;GUARULHOS;Falta de atenção;Colisão traseira;Sem Vítimas;Anoitecer;Decrescente;Nublado;Múltipla;Reta;Urbano;2;2
370233;2008-04-26;Sábado;00:01:00;SP;116;211.1;GUARULHOS;Outras;Colisão lateral;Sem Vítimas;Plena noite;Crescente;Ceu Claro;Múltipla;Reta;Urbano;2;2
370263;2008-04-25;Sexta;07:20:00;SP;116;224.8;GUARULHOS;Outras;Colisão traseira;Com Vítimas Feridas;Pleno dia;Decrescente;Ceu Claro;Múltipla;Reta;Urbano;3;2
370330;2008-04-22;Terça;22:40:00;SP;116;130.5;CACAPAVA;Falta de atenção;Colisão traseira;Sem Vítimas;Plena noite;Crescente;Chuva;Dupla;Reta;Urbano;2;2
370378;2008-04-26;Sábado;07:50:00;SP;116;220.0;GUARULHOS;Falta de atenção;Colisão traseira;Sem Vítimas;Plena noite;Crescente;Ceu Claro;Múltipla;Reta;Urbano;4;4
370382;2008-04-22;Terça;15:45:00;SP;116;111.4;TAUBATE;Não guardar distância de segurança;Colisão traseira;Sem Vítimas;Pleno dia;Decrescente;Chuva;Dupla;Reta;Urbano;2;2
370439;2008-04-23;Quarta;06:30:00;SP;116;206.1;GUARULHOS;Falta de atenção;Colisão traseira;Com Vítimas Feridas;Pleno dia;Crescente;Nublado;Dupla;Reta;Urbano;2;2
370458;2008-04-26;Sábado;16:00:00;SP;116;117.5;TAUBATE;Falta de atenção;Colisão traseira;Sem Vítimas;Pleno dia;Crescente;Ceu Claro;Dupla;Reta;Rural;2;2
370508;2008-04-24;Quinta;09:30:00;SP;116;211.0;GUARULHOS;Falta de atenção;Colisão lateral;Sem Vítimas;Pleno dia;Decrescente;Ceu Claro;Múltipla;Reta;Urbano;2;2
370629;2008-04-26;Sábado;23:45:00;SP;116;217.0;GUARULHOS;Falta de atenção;Colisão Transversal;Sem Vítimas;Plena noite;Crescente;Ceu Claro;Múltipla;Reta;Urbano;2;2
370633;2008-04-23;Quarta;07:45:00;SP;116;221.0;GUARULHOS;Falta de atenção;Colisão traseira;Com Vítimas Feridas;Pleno dia;Crescente;Sol;Múltipla;Reta;Urbano;2;2
370650;2008-04-23;Quarta;15:20:00;SP;116;216.5;GUARULHOS;Falta de atenção;Colisão lateral;Sem Vítimas;Pleno dia;Decrescente;Ceu Claro;Múltipla;Reta;Urbano;2;2
370659;2008-04-23;Quarta;16:40:00;SP;116;224.0;GUARULHOS;Falta de atenção;Colisão lateral;Sem Vítimas;Pleno dia;Crescente;Sol;Múltipla;Reta;Rural;2;2
370719;2008-04-25;Sexta;07:05:00;SP;116;159.0;JACAREI;Outras;Colisão lateral;Sem Vítimas;Pleno dia;Crescente;Nevoeiro/neblina;Simples;Reta;Urbano;2;2
370726;2008-04-25;Sexta;07:40:00;SP;116;149.0;SAO JOSE DOS CAMPOS;Outras;Colisão traseira;Sem Vítimas;Pleno dia;Decrescente;Ceu Claro;Dupla;Reta;Urbano;2;2
370729;2008-04-22;Terça;06:30:00;SP;116;213.5;GUARULHOS;Não guardar distância de segurança;Colisão lateral;Com Vítimas Feridas;Pleno dia;Crescente;Ceu Claro;Múltipla;Reta;Urbano;2;2
370736;2008-04-25;Sexta;08:12:00;SP;116;150.0;SAO JOSE DOS CAMPOS;Outras;Colisão traseira;Com Vítimas Feridas;Pleno dia;Decrescente;Sol;Simples;Reta;Urbano;2;2
370779;2008-04-22;Terça;17:25:00;SP;116;224.0;GUARULHOS;Outras;Queda de motocicleta / bicicleta / veículo;Com Vítimas Feridas;Pleno dia;Decrescente;Nublado;Múltipla;Reta;Urbano;2;1
370801;2008-04-24;Quinta;10:47:00;SP;116;175.9;GUARAREMA;Outras;Colisão traseira;Com Vítimas Feridas;Pleno dia;Decrescente;Ceu Claro;Dupla;Reta;Rural;3;3
370831;2008-04-25;Sexta;14:00:00;SP;116;165.0;JACAREI;Outras;Colisão traseira;Sem Vítimas;Pleno dia;Crescente;Ceu Claro;Múltipla;Reta;Rural;2;2
370837;2008-04-22;Terça;08:45:00;SP;116;214.0;GUARULHOS;Não guardar distância de segurança;Colisão traseira;Sem Vítimas;Pleno dia;Crescente;Ceu Claro;Múltipla;Reta;Urbano;2;2
370855;2008-04-27;Domingo;09:00:00;SP;116;227.8;SAO PAULO;Outras;Saída de Pista;Com Vítimas Feridas;Pleno dia;Crescente;Ceu Claro;Múltipla;Reta;Urbano;1;1
370868;2008-04-20;Domingo;16:00:00;SP;116;219.0;GUARULHOS;Outras;Colisão traseira;Sem Vítimas;Pleno dia;Decrescente;Chuva;Múltipla;Reta;Urbano;2;2
370871;2008-04-22;Terça;21:55:00;SP;116;211.0;GUARULHOS;Outras;Tombamento;Com Vítimas Feridas;Plena noite;Crescente;Nublado;Dupla;Reta;Urbano;1;1
370879;2008-04-27;Domingo;13:10:00;SP;116;210.0;GUARULHOS;Falta de atenção;Colisão traseira;Com Vítimas Feridas;Pleno dia;Decrescente;Sol;Múltipla;Reta;Urbano;3;2
370880;2008-04-23;Quarta;22:40:00;SP;116;227.0;GUARULHOS;Outras;Colisão lateral;Sem Vítimas;Plena noite;Decrescente;Ceu Claro;Múltipla;Reta;Urbano;2;2
370984;2008-04-28;Segunda;06:40:00;SP;116;215.4;GUARULHOS;Falta de atenção;Colisão traseira;Sem Vítimas;Pleno dia;Crescente;Ceu Claro;Múltipla;Reta;Urbano;2;2
370991;2008-04-25;Sexta;06:45:00;SP;116;130.6;CACAPAVA;Outras;Colisão traseira;Sem Vítimas;Amanhecer;Crescente;Ceu Claro;Dupla;Reta;Urbano;2;2
371062;2008-04-25;Sexta;07:30:00;SP;116;225.6;GUARULHOS;Falta de atenção;Colisão traseira;Sem Vítimas;Pleno dia;Crescente;Ceu Claro;Múltipla;Reta;Urbano;3;3
371099;2008-04-26;Sábado;22:15:00;SP;116;149.4;SAO JOSE DOS CAMPOS;Falta de atenção;Colisão com bicicleta;Com Vítimas Feridas;Plena noite;Decrescente;Ceu Claro;Múltipla;Reta;Urbano;2;2
371115;2008-04-26;Sábado;09:50:00;SP;116;223.5;GUARULHOS;Falta de atenção;Colisão lateral;Sem Vítimas;Pleno dia;Crescente;Ceu Claro;Múltipla;Reta;Urbano;2;2
371124;2008-04-25;Sexta;07:20:00;SP;116;228.0;SAO PAULO;Falta de atenção;Colisão lateral;Sem Vítimas;Pleno dia;Crescente;Ceu Claro;Múltipla;Reta;Urbano;2;2
371130;2008-04-25;Sexta;15:20:00;SP;116;153.0;SAO JOSE DOS CAMPOS;Outras;Colisão traseira;Sem Vítimas;Pleno dia;Decrescente;Ceu Claro;Dupla;Reta;Urbano;2;2
371145;2008-04-27;Domingo;01:07:00;SP;116;145.6;SAO JOSE DOS CAMPOS;Falta de atenção;Colisão com objeto fixo;Sem Vítimas;Plena noite;Decrescente;Ceu Claro;Dupla;Reta;Urbano;1;1
371169;2008-04-27;Domingo;01:50:00;SP;116;221.0;GUARULHOS;Falta de atenção;Colisão com objeto fixo;Com Vítimas Feridas;Plena noite;Decrescente;Nublado;Múltipla;Reta;Urbano;2;1
371181;2008-04-25;Sexta;06:55:00;SP;116;103.7;TAUBATE;Não guardar distância de segurança;Colisão traseira;Sem Vítimas;Pleno dia;Crescente;Sol;Múltipla;Reta;Rural;3;3
371192;2008-04-28;Segunda;06:30:00;SP;116;218.3;GUARULHOS;Falta de atenção;Colisão lateral;Com Vítimas Feridas;Pleno dia;Crescente;Sol;Múltipla;Reta;Urbano;3;2
371197;2008-03-20;Quinta;16:40:00;SP;116;146.0;SAO JOSE DOS CAMPOS;Defeito mecânico em veículo;Colisão traseira;Sem Vítimas;Pleno dia;Decrescente;Sol;Dupla;Reta;Urbano;5;5
371207;2008-04-24;Quinta;12:00:00;SP;116;165.0;JACAREI;Outras;Colisão traseira;Com Vítimas Feridas;Pleno dia;Crescente;Sol;Múltipla;Reta;Rural;3;2
371356;2008-04-27;Domingo;18:00:00;SP;116;146.0;SAO JOSE DOS CAMPOS;Outras;Colisão traseira;Com Vítimas Feridas;Anoitecer;Crescente;Ceu Claro;Dupla;Reta;Urbano;7;4
371424;2008-04-28;Segunda;16:40:00;SP;116;172.5;JACAREI;Falta de atenção;Colisão frontal;Sem Vítimas;Pleno dia;Crescente;Sol;Dupla;Reta;Rural;2;2
371441;2008-04-28;Segunda;19:15:00;SP;116;113.0;TAUBATE;Ingestão de álcool;Colisão frontal;Com Vítimas Feridas;Plena noite;Decrescente;Ceu Claro;Simples;Cruzamento;Urbano;2;2
371516;2008-04-27;Domingo;11:30:00;SP;116;157.0;SAO JOSE DOS CAMPOS;Outras;Capotamento;Com Vítimas Feridas;Pleno dia;Crescente;Ceu Claro;Dupla;Reta;Urbano;3;2
371532;2008-01-27;Domingo;21:50:00;SP;116;217.5;GUARULHOS;Outras;Colisão traseira;Com Vítimas Feridas;Plena noite;Decrescente;Ceu Claro;Múltipla;Reta;Urbano;2;2
371607;2008-04-29;Terça;07:50:00;SP;116;203.0;ARUJA;Falta de atenção;Tombamento;Sem Vítimas;Pleno dia;Crescente;Sol;Dupla;Reta;Urbano;1;1
371654;2008-04-26;Sábado;17:00:00;SP;116;225.0;GUARULHOS;Falta de atenção;Colisão lateral;Sem Vítimas;Pleno dia;Decrescente;Ceu Claro;Múltipla;Reta;Urbano;2;2
371676;2008-04-29;Terça;07:40:00;SP;116;220.7;GUARULHOS;Outras;Colisão traseira;Sem Vítimas;Plena noite;Crescente;Sol;Múltipla;Reta;Urbano;2;2
371698;2008-04-28;Segunda;17:15:00;SP;116;223.5;GUARULHOS;Falta de atenção;Colisão lateral;Com Vítimas Feridas;Pleno dia;Decrescente;Ceu Claro;Dupla;Reta;Urbano;2;2
371758;2008-04-26;Sábado;13:15:00;SP;116;177.3;GUARAREMA;Outras;Colisão com objeto fixo;Com Vítimas Feridas;Pleno dia;Decrescente;Ceu Claro;Dupla;Reta;Rural;1;1
371778;2008-04-25;Sexta;23:00:00;SP;116;153.0;SAO JOSE DOS CAMPOS;Outras;Colisão lateral;Sem Vítimas;Plena noite;Decrescente;Ceu Claro;Dupla;Reta;Urbano;2;2
371793;2008-04-26;Sábado;19:20:00;SP;116;217.0;GUARULHOS;Defeito mecânico em veículo;Colisão com objeto fixo;Sem Vítimas;Anoitecer;Crescente;Nublado;Múltipla;Reta;Urbano;1;1
371802;2008-04-26;Sábado;01:25:00;SP;116;167.9;JACAREI;Outras;Colisão com objeto fixo;Sem Vítimas;Plena noite;Decrescente;Ceu Claro;Dupla;Reta;Rural;1;1
371804;2008-04-29;Terça;07:00:00;SP;116;219.5;GUARULHOS;Não guardar distância de segurança;Colisão lateral;Com Vítimas Feridas;Pleno dia;Crescente;Nublado;Múltipla;Reta;Urbano;2;2
371809;2008-04-26;Sábado;06:30:00;SP;116;167.8;JACAREI;Outras;Tombamento;Sem Vítimas;Amanhecer;Crescente;Ceu Claro;Dupla;Reta;Rural;2;2
371906;2008-04-28;Segunda;18:10:00;SP;116;145.5;SAO JOSE DOS CAMPOS;Outras;Colisão traseira;Sem Vítimas;Plena noite;Crescente;Ceu Claro;Dupla;Reta;Urbano;3;3
371936;2008-04-28;Segunda;19:00:00;SP;116;148.0;SAO JOSE DOS CAMPOS;Outras;Colisão traseira;Sem Vítimas;Plena noite;Decrescente;Nublado;Dupla;Reta;Urbano;3;3
371944;2008-04-28;Segunda;07:20:00;SP;116;218.0;GUARULHOS;Ultrapassagem indevida;Colisão lateral;Sem Vítimas;Pleno dia;Crescente;Ceu Claro;Múltipla;Reta;Urbano;3;3
371948;2008-04-19;Sábado;05:00:00;SP;116;171.3;JACAREI;Falta de atenção;Colisão com objeto fixo;Com Vítimas Feridas;Plena noite;Crescente;Ceu Claro;Dupla;Reta;Rural;3;2
371978;2008-04-27;Domingo;02:00:00;SP;116;154.0;SAO JOSE DOS CAMPOS;Outras;Colisão com objeto fixo;Sem Vítimas;Plena noite;Crescente;Ceu Claro;Dupla;Reta;Urbano;1;1
372019;2008-04-26;Sábado;20:30:00;SP;116;148.9;SAO JOSE DOS CAMPOS;Falta de atenção;Colisão lateral;Sem Vítimas;Plena noite;Crescente;Ceu Claro;Dupla;Reta;Urbano;2;2
372045;2008-04-30;Quarta;07:40:00;SP;116;146.9;SAO JOSE DOS CAMPOS;Outras;Colisão lateral;Sem Vítimas;Pleno dia;Crescente;Nublado;Dupla;Reta;Urbano;2;2
372119;2008-04-22;Terça;19:30:00;SP;116;117.9;TAUBATE;Defeito na via;Colisão com objeto fixo;Sem Vítimas;Plena noite;Decrescente;Nublado;Dupla;Reta;Rural;1;1
372141;2008-04-30;Quarta;10:10:00;SP;116;165.5;JACAREI;Falta de atenção;Colisão traseira;Sem Vítimas;Pleno dia;Crescente;Nevoeiro/neblina;Múltipla;Reta;Rural;2;2
372217;2008-04-29;Terça;06:30:00;SP;116;220.0;GUARULHOS;Falta de atenção;Colisão lateral;Sem Vítimas;Plena noite;Decrescente;Ceu Claro;Múltipla;Reta;Urbano;2;2
372237;2008-04-30;Quarta;22:55:00;SP;116;164.0;JACAREI;Falta de atenção;Colisão lateral;Sem Vítimas;Plena noite;Crescente;Nublado;Dupla;Reta;Rural;2;2
372242;2008-04-30;Quarta;23:40:00;SP;116;165.0;JACAREI;Não guardar distância de segurança;Colisão traseira;Sem Vítimas;Plena noite;Decrescente;Ceu Claro;Múltipla;Reta;Urbano;2;2
372263;2008-04-30;Quarta;20:45:00;SP;116;219.0;GUARULHOS;Outras;Colisão lateral;Sem Vítimas;Plena noite;Decrescente;Ceu Claro;Múltipla;Reta;Urbano;2;2
372320;2008-04-26;Sábado;08:00:00;SP;116;108.9;TAUBATE;Falta de atenção;Colisão traseira;Com Vítimas Feridas;Pleno dia;Crescente;Ceu Claro;Dupla;Reta;Urbano;3;2
372357;2008-04-28;Segunda;03:30:00;SP;116;148.8;SAO JOSE DOS CAMPOS;Defeito mecânico em veículo;Danos Eventuais;Sem Vítimas;Plena noite;Crescente;Ceu Claro;Dupla;Reta;Urbano;1;1
372363;2008-04-29;Terça;17:45:00;SP;116;144.0;SAO JOSE DOS CAMPOS;Outras;Colisão lateral;Sem Vítimas;Pleno dia;Decrescente;Ceu Claro;Múltipla;Reta;Urbano;2;2
372398;2008-04-27;Domingo;23:50:00;SP;116;206.6;GUARULHOS;Falta de atenção;Atropelamento de pessoa;Com Vítimas Fatais;Plena noite;Decrescente;Nublado;Dupla;Reta;Urbano;2;1
372428;2008-04-30;Quarta;14:15:00;SP;116;206.0;GUARULHOS;Outras;Capotamento;Sem Vítimas;Pleno dia;Crescente;Sol;Dupla;Reta;Urbano;1;1
372433;2008-04-30;Quarta;17:30:00;SP;116;157.0;SAO JOSE DOS CAMPOS;Outras;Colisão traseira;Sem Vítimas;Pleno dia;Decrescente;Nublado;Dupla;Reta;Urbano;2;2
372472;2008-04-29;Terça;20:40:00;SP;116;139.1;SAO JOSE DOS CAMPOS;Outras;Tombamento;Sem Vítimas;Plena noite;Decrescente;Chuva;Dupla;Reta;Urbano;1;1
372484;2008-04-29;Terça;21:53:00;SP;116;139.7;SAO JOSE DOS CAMPOS;Outras;Capotamento;Sem Vítimas;Plena noite;Decrescente;Chuva;Dupla;Reta;Urbano;1;1
372514;2008-05-01;Quinta;11:30:00;SP;116;165.0;JACAREI;Falta de atenção;Colisão lateral;Sem Vítimas;Pleno dia;Crescente;Nublado;Simples;Reta;Rural;2;2
372530;2008-04-30;Quarta;04:00:00;SP;116;112.8;TAUBATE;Outras;Derramamento de Carga;Sem Vítimas;Plena noite;Crescente;Ceu Claro;Dupla;Reta;Urbano;2;2
372566;2008-04-29;Terça;23:55:00;SP;116;212.0;GUARULHOS;Não guardar distância de segurança;Colisão lateral;Sem Vítimas;Plena noite;Decrescente;Nublado;Múltipla;Reta;Urbano;2;2
372574;2008-03-21;Sexta;06:00:00;SP;116;216.0;GUARULHOS;Falta de atenção;Colisão traseira;Com Vítimas Feridas;Amanhecer;Crescente;Ceu Claro;Múltipla;Reta;Urbano;5;4
372575;2008-04-28;Segunda;18:20:00;SP;116;142.0;SAO JOSE DOS CAMPOS;Outras;Atropelamento de pessoa;Com Vítimas Feridas;Plena noite;Crescente;Ceu Claro;Dupla;Reta;Urbano;2;1
372607;2008-05-01;Quinta;11:50:00;SP;116;130.3;CACAPAVA;Não guardar distância de segurança;Colisão traseira;Com Vítimas Feridas;Pleno dia;Decrescente;Nublado;Dupla;Reta;Urbano;2;2
372640;2008-04-28;Segunda;06:40:00;SP;116;112.1;TAUBATE;Outras;Colisão com bicicleta;Com Vítimas Fatais;Amanhecer;Decrescente;Ceu Claro;Dupla;Reta;Urbano;2;2
372650;2008-04-28;Segunda;10:40:00;SP;116;222.0;GUARULHOS;Outras;Colisão lateral;Sem Vítimas;Pleno dia;Crescente;Sol;Múltipla;Reta;Urbano;2;2
372655;2008-04-28;Segunda;16:30:00;SP;116;222.0;GUARULHOS;Falta de atenção;Colisão traseira;Com Vítimas Feridas;Pleno dia;Decrescente;Sol;Múltipla;Reta;Urbano;3;2
372656;2008-05-01;Quinta;23:30:00;SP;116;225.0;GUARULHOS;Outras;Colisão com objeto móvel;Sem Vítimas;Plena noite;Decrescente;Nublado;Múltipla;Curva;Urbano;1;1
372676;2008-04-27;Domingo;18:40:00;SP;116;145.0;SAO JOSE DOS CAMPOS;Outras;Colisão traseira;Sem Vítimas;Plena noite;Crescente;Ceu Claro;Dupla;Reta;Urbano;3;3
372697;2008-05-01;Quinta;22:00:00;SP;116;148.8;SAO JOSE DOS CAMPOS;Outras;Colisão lateral;Sem Vítimas;Plena noite;Crescente;Ceu Claro;Dupla;Reta;Urbano;2;2
372710;2008-04-30;Quarta;21:25:00;SP;116;154.6;SAO JOSE DOS CAMPOS;Outras;Colisão traseira;Com Vítimas Fatais;Plena noite;Decrescente;Nublado;Dupla;Reta;Urbano;3;3
372716;2008-04-29;Terça;09:15:00;SP;116;186.4;SANTA ISABEL;Falta de atenção;Colisão lateral;Sem Vítimas;Pleno dia;Crescente;Nublado;Múltipla;Curva;Rural;2;2
372779;2008-05-02;Sexta;12:10:00;SP;116;157.9;SAO JOSE DOS CAMPOS;Outras;Colisão com objeto fixo;Sem Vítimas;Pleno dia;Decrescente;Chuva;Dupla;Reta;Urbano;1;1
372922;2008-04-30;Quarta;20:50:00;SP;116;178.0;GUARAREMA;Outras;Colisão traseira;Sem Vítimas;Plena noite;Crescente;Ceu Claro;Múltipla;Reta;Rural;2;2
372938;2008-04-30;Quarta;17:15:00;SP;116;227.8;SAO PAULO;Outras;Colisão lateral;Sem Vítimas;Pleno dia;Decrescente;Ceu Claro;Múltipla;Reta;Urbano;2;2
372947;2008-05-02;Sexta;11:00:00;SP;116;177.5;GUARAREMA;Outras;Colisão com objeto fixo;Sem Vítimas;Pleno dia;Crescente;Chuva;Múltipla;Reta;Rural;2;2
372950;2008-04-27;Domingo;17:00:00;SP;116;187.0;SANTA ISABEL;Outras;Saída de Pista;Com Vítimas Feridas;Pleno dia;Crescente;Ceu Claro;Dupla;Reta;Rural;1;1
372960;2008-05-02;Sexta;14:20:00;SP;116;177.0;GUARAREMA;Defeito mecânico em veículo;Colisão com objeto fixo;Sem Vítimas;Pleno dia;Decrescente;Chuva;Dupla;Reta;Rural;2;2
373093;2008-05-03;Sábado;05:00:00;SP;116;137.0;SAO JOSE DOS CAMPOS;Falta de atenção;Colisão traseira;Sem Vítimas;Plena noite;Crescente;Chuva;Dupla;Reta;Urbano;2;2
373142;2008-04-30;Quarta;15:35:00;SP;116;144.3;SAO JOSE DOS CAMPOS;Não guardar distância de segurança;Colisão traseira;Sem Vítimas;Pleno dia;Crescente;Nublado;Dupla;Reta;Urbano;3;3
373171;2008-05-02;Sexta;10:20:00;SP;116;165.5;JACAREI;Outras;Colisão com objeto fixo;Sem Vítimas;Pleno dia;Decrescente;Chuva;Dupla;Reta;Urbano;1;1
373182;2008-05-02;Sexta;05:00:00;SP;116;183.6;SANTA ISABEL;Dormindo;Colisão traseira;Sem Vítimas;Plena noite;Crescente;Nublado;Dupla;Reta;Rural;2;2
373229;2008-04-30;Quarta;06:30:00;SP;116;184.0;SANTA ISABEL;Outras;Colisão lateral;Sem Vítimas;Amanhecer;Decrescente;Ceu Claro;Dupla;Reta;Rural;2;2
373267;2008-04-29;Terça;07:50:00;SP;116;228.9;SAO PAULO;Falta de atenção;Colisão traseira;Com Vítimas Feridas;Pleno dia;Crescente;Ceu Claro;Múltipla;Reta;Urbano;2;2
373280;2008-05-03;Sábado;12:00:00;SP;116;107.6;TAUBATE;Falta de atenção;Colisão traseira;Sem Vítimas;Pleno dia;Decrescente;Ceu Claro;Dupla;Reta;Rural;2;2
373320;2008-04-29;Terça;12:10:00;SP;116;213.0;GUARULHOS;Falta de atenção;Colisão traseira;Sem Vítimas;Pleno dia;Crescente;Ceu Claro;Múltipla;Reta;Urbano;2;2
373324;2008-04-30;Quarta;17:10:00;SP;116;218.0;GUARULHOS;Falta de atenção;Colisão lateral;Sem Vítimas;Pleno dia;Decrescente;Nublado;Múltipla;Reta;Urbano;3;3
373368;2008-05-03;Sábado;19:30:00;SP;116;121.3;CACAPAVA;Outras;Colisão lateral;Sem Vítimas;Plena noite;Decrescente;Ceu Claro;Dupla;Reta;Rural;2;2
373382;2008-05-03;Sábado;21:40:00;SP;116;218.9;GUARULHOS;Outras;Colisão traseira;Sem Vítimas;Plena noite;Crescente;Nublado;Múltipla;Reta;Urbano;5;5
373395;2008-05-03;Sábado;16:10:00;SP;116;134.2;SAO JOSE DOS CAMPOS;Outras;Colisão com objeto fixo;Sem Vítimas;Pleno dia;Decrescente;Ceu Claro;Dupla;Reta;Rural;1;1
373413;2008-05-03;Sábado;21:50:00;SP;116;218.8;GUARULHOS;Falta de atenção;Colisão traseira;Com Vítimas Feridas;Plena noite;Crescente;Nublado;Múltipla;Reta;Urbano;5;5
373498;2008-05-04;Domingo;01:15:00;SP;116;100.5;PINDAMONHANGABA;Outras;Colisão traseira;Com Vítimas Feridas;Plena noite;Decrescente;Ceu Claro;Dupla;Reta;Rural;5;2
373547;2008-04-29;Terça;20:20:00;SP;116;223.7;GUARULHOS;Outras;Colisão com objeto fixo;Sem Vítimas;Plena noite;Decrescente;Chuva;Múltipla;Reta;Urbano;1;1
373555;2008-05-03;Sábado;21:30:00;SP;116;222.0;GUARULHOS;Falta de atenção;Queda de motocicleta / bicicleta / veículo;Com Vítimas Feridas;Plena noite;Decrescente;Ceu Claro;Múltipla;Reta;Urbano;2;1
373556;2008-05-04;Domingo;14:00:00;SP;116;202.0;ARUJA;Falta de atenção;Colisão traseira;Sem Vítimas;Pleno dia;Decrescente;Sol;Dupla;Reta;Urbano;2;2
373602;2008-05-04;Domingo;15:45:00;SP;116;162.0;JACAREI;Animais na Pista;Colisão traseira;Com Vítimas Feridas;Pleno dia;Decrescente;Ceu Claro;Dupla;Reta;Rural;2;2
373622;2008-05-04;Domingo;15:00:00;SP;116;145.7;SAO JOSE DOS CAMPOS;Outras;Atropelamento de pessoa;Com Vítimas Feridas;Pleno dia;Decrescente;Nublado;Dupla;Reta;Urbano;2;1
373628;2008-05-02;Sexta;16:30:00;SP;116;227.0;GUARULHOS;Falta de atenção;Colisão traseira;Sem Vítimas;Pleno dia;Decrescente;Chuva;Múltipla;Reta;Urbano;2;2
373635;2008-05-02;Sexta;11:30:00;SP;116;223.0;GUARULHOS;Outras;Colisão lateral;Sem Vítimas;Pleno dia;Crescente;Chuva;Múltipla;Reta;Urbano;2;2
373679;2008-05-01;Quinta;22:30:00;SP;116;209.0;GUARULHOS;Outras;Colisão Transversal;Sem Vítimas;Plena noite;Crescente;Nublado;Dupla;Reta;Urbano;2;2
373710;2008-05-04;Domingo;03:45:00;SP;116;218.8;GUARULHOS;Dormindo;Capotamento;Sem Vítimas;Plena noite;Decrescente;Nublado;Múltipla;Reta;Urbano;1;1