id;data_inversa;dia_semana;horario;uf;br;km;municipio;causa_acidente;tipo_acidente;classificacao_acidente;fase_dia;sentido_via;condicao_metereologica;tipo_pista;tracado_via;uso_solo;pessoas;veiculos
400187;2008-07-11;Sexta;18:00:00;SP;116;229.0;SAO PAULO;Outras;Colisão com objeto fixo;Com Vítimas Fatais;Anoitecer;Decrescente;Nublado;Múltipla;Reta;Urbano;1;1
400239;2008-07-06;Domingo;11:00:00;SP;116;194.5;SANTA ISABEL;Falta de atenção;Colisão lateral;Sem Vítimas;Pleno dia;Crescente;Ceu Claro;Dupla;Reta;Rural;2;2
400262;2008-07-07;Segunda;12:30:00;SP;116;215.0;GUARULHOS;Falta de atenção;Colisão lateral;Sem Vítimas;Pleno dia;Decrescente;Ceu Claro;Múltipla;Reta;Urbano;3;3
400281;2008-07-11;Sexta;13:25:00;SP;116;221.0;GUARULHOS;Defeito mecânico em veículo;Tombamento;Com Vítimas Feridas;Pleno dia;Decrescente;Ceu Claro;Múltipla;Reta;Urbano;1;1
400294;2008-07-11;Sexta;14:00:00;SP;116;225.0;GUARULHOS;Falta de atenção;Colisão lateral;Com Vítimas Feridas;Pleno dia;Decrescente;Ceu Claro;Múltipla;Reta;Urbano;3;3
400409;2008-07-06;Domingo;15:30:00;SP;116;212.0;GUARULHOS;Defeito mecânico em veículo;Queda de motocicleta / bicicleta / veículo;Com Vítimas Feridas;Pleno dia;Crescente;Ceu Claro;Múltipla;Reta;Urbano;1;1
400428;2008-07-12;Sábado;08:30:00;SP;116;116.0;TAUBATE;Falta de atenção;Colisão traseira;Sem Vítimas;Pleno dia;Decrescente;Sol;Dupla;Reta;Rural;3;3
400431;2008-07-09;Quarta;17:40:00;SP;116;205.0;GUARULHOS;Animais na Pista;Atropelamento de animal;Com Vítimas Feridas;Anoitecer;Crescente;Ceu Claro;Dupla;Reta;Urbano;2;1
400433;2008-07-13;Domingo;00:05:00;SP;116;215.0;GUARULHOS;Falta de atenção;Colisão com objeto fixo;Sem Vítimas;Plena noite;Crescente;Ceu Claro;Múltipla;Reta;Urbano;2;2
400486;2008-07-12;Sábado;15:30:00;SP;116;147.0;SAO JOSE DOS CAMPOS;Não guardar distância de segurança;Colisão traseira;Sem Vítimas;Pleno dia;Crescente;Sol;Dupla;Reta;Urbano;2;2
400508;2008-07-12;Sábado;06:00:00;SP;116;179.0;GUARAREMA;Outras;Colisão Transversal;Sem Vítimas;Amanhecer;Crescente;Ceu Claro;Dupla;Reta;Rural;2;2
400522;2008-07-07;Segunda;17:45:00;SP;116;219.0;GUARULHOS;Falta de atenção;Colisão traseira;Sem Vítimas;Anoitecer;Decrescente;Ceu Claro;Múltipla;Reta;Urbano;2;2
400546;2008-07-11;Sexta;22:00:00;SP;116;203.0;ARUJA;Outras;Atropelamento de pessoa;Com Vítimas Fatais;Plena noite;Decrescente;Ceu Claro;Dupla;Reta;Urbano;2;1
400602;2008-07-10;Quinta;20:30:00;SP;116;147.0;SAO JOSE DOS CAMPOS;Outras;Colisão lateral;Sem Vítimas;Plena noite;Decrescente;Ceu Claro;Dupla;Reta;Urbano;2;2
400621;2008-07-10;Quinta;19:10:00;SP;116;147.0;SAO JOSE DOS CAMPOS;Outras;Colisão traseira;Sem Vítimas;Plena noite;Decrescente;Ceu Claro;Dupla;Reta;Urbano;2;2
400641;2008-07-08;Terça;22:30:00;SP;116;221.0;GUARULHOS;Falta de atenção;Colisão lateral;Sem Vítimas;Plena noite;Crescente;Ceu Claro;Múltipla;Reta;Urbano;2;2
400648;2008-07-13;Domingo;18:15:00;SP;116;106.1;TAUBATE;Não guardar distância de segurança;Colisão traseira;Sem Vítimas;Plena noite;Crescente;Ceu Claro;Dupla;Curva;Rural;4;4
400650;2008-07-08;Terça;08:00:00;SP;116;147.0;SAO JOSE DOS CAMPOS;Outras;Colisão lateral;Sem Vítimas;Pleno dia;Decrescente;Ceu Claro;Dupla;Reta;Urbano;2;2
400660;2008-07-08;Terça;18:45:00;SP;116;148.0;SAO JOSE DOS CAMPOS;Outras;Colisão traseira;Sem Vítimas;Plena noite;Decrescente;Ceu Claro;Dupla;Reta;Urbano;3;3
400696;2008-07-13;Domingo;19:30:00;SP;116;113.6;TAUBATE;Não guardar distância de segurança;Colisão traseira;Sem Vítimas;Plena noite;Crescente;Ceu Claro;Múltipla;Reta;Urbano;3;3
400705;2008-07-11;Sexta;09:00:00;SP;116;222.5;GUARULHOS;Falta de atenção;Colisão lateral;Com Vítimas Feridas;Pleno dia;Crescente;Nublado;Múltipla;Reta;Urbano;2;2
400715;2008-07-11;Sexta;14:00:00;SP;116;221.5;GUARULHOS;Outras;Colisão lateral;Com Vítimas Feridas;Pleno dia;Decrescente;Sol;Múltipla;Reta;Urbano;3;3
400775;2008-07-13;Domingo;17:20:00;SP;116;103.0;TAUBATE;Outras;Colisão traseira;Sem Vítimas;Anoitecer;Crescente;Ceu Claro;Múltipla;Reta;Rural;2;2
400798;2008-07-06;Domingo;09:34:00;SP;116;115.7;TAUBATE;Falta de atenção;Colisão traseira;Com Vítimas Feridas;Pleno dia;Crescente;Sol;Dupla;Reta;Rural;3;2
400895;2008-07-13;Domingo;20:00:00;SP;116;203.0;ARUJA;Outras;Queda de motocicleta / bicicleta / veículo;Com Vítimas Feridas;Plena noite;Crescente;Nublado;Dupla;Reta;Urbano;3;2
401014;2008-07-13;Domingo;05:00:00;SP;116;146.0;SAO JOSE DOS CAMPOS;Outras;Colisão traseira;Sem Vítimas;Plena noite;Decrescente;Ceu Claro;Dupla;Reta;Urbano;2;2
401063;2008-07-10;Quinta;16:58:00;SP;116;138.4;SAO JOSE DOS CAMPOS;Falta de atenção;Atropelamento de pessoa;Com Vítimas Feridas;Pleno dia;Decrescente;Ceu Claro;Dupla;Reta;Urbano;2;1
401104;2008-07-04;Sexta;18:30:00;SP;116;228.0;SAO PAULO;Outras;Colisão lateral;Sem Vítimas;Anoitecer;Decrescente;Nublado;Múltipla;Reta;Urbano;2;2
401107;2008-07-13;Domingo;22:30:00;SP;116;217.0;GUARULHOS;Outras;Colisão com objeto fixo;Sem Vítimas;Plena noite;Crescente;Ceu Claro;Múltipla;Reta;Urbano;1;1
401125;2008-07-10;Quinta;22:05:00;SP;116;224.0;GUARULHOS;Falta de atenção;Colisão lateral;Sem Vítimas;Plena noite;Decrescente;Nublado;Múltipla;Reta;Urbano;2;2
401131;2008-07-14;Segunda;07:00:00;SP;116;222.4;GUARULHOS;Outras;Colisão lateral;Sem Vítimas;Pleno dia;Crescente;Nevoeiro/neblina;Múltipla;Reta;Urbano;2;2
401339;2008-07-15;Terça;09:30:00;SP;116;128.0;CACAPAVA;Outras;Danos Eventuais;Sem Vítimas;Pleno dia;Decrescente;Ceu Claro;Dupla;Reta;Urbano;1;1
401445;2008-07-13;Domingo;21:00:00;SP;116;206.0;GUARULHOS;Falta de atenção;Atropelamento de pessoa;Com Vítimas Feridas;Plena noite;Crescente;Ceu Claro;Dupla;Reta;Urbano;4;1
401462;2008-07-14;Segunda;02:15:00;SP;116;161.0;JACAREI;Outras;Colisão traseira;Sem Vítimas;Plena noite;Crescente;Nublado;Dupla;Reta;Urbano;2;2
401465;2008-07-11;Sexta;18:20:00;SP;116;220.0;GUARULHOS;Falta de atenção;Colisão lateral;Com Vítimas Feridas;Plena noite;Decrescente;Ceu Claro;Múltipla;Reta;Urbano;3;2
401490;2008-07-13;Domingo;19:30:00;SP;116;202.0;ARUJA;Não guardar distância de segurança;Colisão traseira;Sem Vítimas;Plena noite;Crescente;Nublado;Múltipla;Reta;Rural;3;3
401537;2008-07-12;Sábado;07:10:00;SP;116;145.8;SAO JOSE DOS CAMPOS;Outras;Colisão lateral;Com Vítimas Feridas;Pleno dia;Decrescente;Ceu Claro;Dupla;Reta;Urbano;2;2
401553;2008-07-08;Terça;01:00:00;SP;116;106.0;TAUBATE;Outras;Colisão traseira;Sem Vítimas;Plena noite;Decrescente;Nevoeiro/neblina;Dupla;Reta;Rural;3;3
401569;2008-07-15;Terça;11:00:00;SP;116;161.7;JACAREI;Outras;Colisão traseira;Sem Vítimas;Pleno dia;Decrescente;Ceu Claro;Dupla;Reta;Rural;3;3
401581;2008-07-12;Sábado;07:45:00;SP;116;106.0;TAUBATE;Outras;Capotamento;Sem Vítimas;Pleno dia;Crescente;Ceu Claro;Dupla;Reta;Urbano;1;1
401586;2008-07-15;Terça;18:15:00;SP;116;146.0;SAO JOSE DOS CAMPOS;Outras;Colisão traseira;Sem Vítimas;Plena noite;Decrescente;Ceu Claro;Dupla;Reta;Urbano;2;2
401598;2008-07-10;Quinta;22:30:00;SP;116;210.0;GUARULHOS;Outras;Colisão lateral;Sem Vítimas;Plena noite;Decrescente;Ceu Claro;Múltipla;Reta;Urbano;2;2
401601;2008-07-15;Terça;22:30:00;SP;116;134.0;SAO JOSE DOS CAMPOS;Outras;Colisão com objeto fixo;Sem Vítimas;Plena noite;Decrescente;Ceu Claro;Dupla;Reta;Urbano;1;1
401656;2008-07-16;Quarta;02:00:00;SP;116;179.0;GUARAREMA;Outras;Derramamento de Carga;Sem Vítimas;Plena noite;Decrescente;Nevoeiro/neblina;Dupla;Reta;Urbano;1;1
401664;2008-07-13;Domingo;04:15:00;SP;116;115.0;TAUBATE;Desobediência à sinalização;Colisão frontal;Com Vítimas Feridas;Plena noite;Crescente;Ceu Claro;Dupla;Reta;Urbano;4;3
401668;2008-07-12;Sábado;08:50:00;SP;116;157.0;SAO JOSE DOS CAMPOS;Outras;Colisão traseira;Sem Vítimas;Pleno dia;Decrescente;Ceu Claro;Simples;Reta;Urbano;2;2
401820;2008-07-12;Sábado;18:10:00;SP;116;110.4;TAUBATE;Falta de atenção;Colisão com bicicleta;Com Vítimas Feridas;Anoitecer;Crescente;Ignorada;Dupla;Reta;Urbano;2;2
401847;2008-07-15;Terça;09:00:00;SP;116;220.0;GUARULHOS;Falta de atenção;Colisão traseira;Com Vítimas Feridas;Pleno dia;Crescente;Ceu Claro;Múltipla;Reta;Urbano;2;2
401870;2008-07-10;Quinta;16:20:00;SP;116;157.5;SAO JOSE DOS CAMPOS;Outras;Colisão traseira;Com Vítimas Feridas;Pleno dia;Decrescente;Ceu Claro;Dupla;Reta;Urbano;2;2
401914;2008-07-10;Quinta;18:40:00;SP;116;144.0;SAO JOSE DOS CAMPOS;Outras;Colisão traseira;Sem Vítimas;Anoitecer;Crescente;Ceu Claro;Dupla;Reta;Urbano;2;2
401940;2008-07-16;Quarta;19:00:00;SP;116;219.0;GUARULHOS;Outras;Colisão traseira;Sem Vítimas;Plena noite;Decrescente;Ceu Claro;Múltipla;Reta;Urbano;3;3
401965;2008-07-14;Segunda;11:30:00;SP;116;167.4;JACAREI;Outras;Danos Eventuais;Sem Vítimas;Pleno dia;Crescente;Sol;Múltipla;Reta;Rural;1;1
401988;2008-07-12;Sábado;12:45:00;SP;116;211.5;GUARULHOS;Falta de atenção;Colisão traseira;Sem Vítimas;Pleno dia;Crescente;Ceu Claro;Múltipla;Reta;Urbano;2;2
401989;2008-07-14;Segunda;15:30:00;SP;116;180.7;GUARAREMA;Outras;Colisão com objeto fixo;Sem Vítimas;Pleno dia;Crescente;Sol;Múltipla;Reta;Rural;1;1
402002;2008-07-16;Quarta;16:15:00;SP;116;143.0;SAO JOSE DOS CAMPOS;Falta de atenção;Colisão traseira;Sem Vítimas;Pleno dia;Crescente;Ceu Claro;Dupla;Reta;Urbano;3;3
402003;2008-07-14;Segunda;16:25:00;SP;116;148.0;SAO JOSE DOS CAMPOS;Outras;Colisão lateral;Sem Vítimas;Pleno dia;Crescente;Sol;Dupla;Reta;Urbano;2;2
402020;2008-07-16;Quarta;08:50:00;SP;116;126.0;CACAPAVA;Não guardar distância de segurança;Colisão traseira;Sem Vítimas;Pleno dia;Decrescente;Nublado;Dupla;Reta;Urbano;2;2
402089;2008-07-16;Quarta;21:15:00;SP;116;165.0;JACAREI;Outras;Colisão traseira;Sem Vítimas;Plena noite;Crescente;Ceu Claro;Dupla;Reta;Urbano;2;2
402090;2008-07-16;Quarta;07:25:00;SP;116;119.2;TAUBATE;Não guardar distância de segurança;Colisão traseira;Sem Vítimas;Pleno dia;Decrescente;Ceu Claro;Dupla;Reta;Urbano;3;3
402127;2008-07-16;Quarta;16:00:00;SP;116;187.0;SANTA ISABEL;Falta de atenção;Colisão lateral;Sem Vítimas;Pleno dia;Crescente;Sol;Dupla;Reta;Rural;2;2
402154;2008-07-16;Quarta;08:20:00;SP;116;209.0;GUARULHOS;Outras;Colisão frontal;Sem Vítimas;Pleno dia;Crescente;Sol;Múltipla;Reta;Urbano;3;3
402190;2008-07-13;Domingo;02:00:00;SP;116;214.0;GUARULHOS;Animais na Pista;Atropelamento de animal;Sem Vítimas;Plena noite;Decrescente;Ceu Claro;Múltipla;Reta;Urbano;1;1
402248;2008-07-16;Quarta;02:30:00;SP;116;172.5;GUARAREMA;Outras;Colisão com bicicleta;Com Vítimas Feridas;Plena noite;Decrescente;Nevoeiro/neblina;Dupla;Reta;Rural;2;2
402284;2008-07-15;Terça;17:30:00;SP;116;143.9;SAO JOSE DOS CAMPOS;Não guardar distância de segurança;Colisão traseira;Sem Vítimas;Anoitecer;Crescente;Ceu Claro;Dupla;Reta;Urbano;5;5
402330;2008-07-17;Quinta;17:20:00;SP;116;144.0;SAO JOSE DOS CAMPOS;Falta de atenção;Colisão traseira;Sem Vítimas;Pleno dia;Decrescente;Sol;Dupla;Reta;Urbano;2;2
402437;2008-07-15;Terça;08:00:00;SP;116;224.0;GUARULHOS;Desobediência à sinalização;Colisão lateral;Com Vítimas Feridas;Pleno dia;Decrescente;Sol;Múltipla;Reta;Urbano;2;2
402439;2008-07-14;Segunda;08:00:00;SP;116;229.0;SAO PAULO;Outras;Queda de motocicleta / bicicleta / veículo;Ignorado;Pleno dia;Crescente;Sol;Múltipla;Reta;Urbano;2;1
402449;2008-07-18;Sexta;01:00:00;SP;116;132.0;CACAPAVA;Outras;Colisão lateral;Sem Vítimas;Plena noite;Crescente;Ceu Claro;Dupla;Reta;Rural;2;2
402452;2008-07-15;Terça;08:40:00;SP;116;221.0;GUARULHOS;Falta de atenção;Colisão traseira;Sem Vítimas;Pleno dia;Crescente;Sol;Múltipla;Reta;Urbano;2;2
402463;2008-07-15;Terça;18:40:00;SP;116;229.0;SAO PAULO;Outras;Incêndio;Sem Vítimas;Plena noite;Crescente;Nublado;Múltipla;Reta;Urbano;1;1
402482;2008-04-20;Domingo;23:40:00;SP;116;220.0;GUARULHOS;Outras;Saída de Pista;Sem Vítimas;Plena noite;Crescente;Nublado;Múltipla;Reta;Urbano;2;2
402510;2008-07-12;Sábado;10:30:00;SP;116;227.0;GUARULHOS;Falta de atenção;Tombamento;Com Vítimas Feridas;Pleno dia;Crescente;Ceu Claro;Múltipla;Reta;Urbano;2;1
402584;2008-07-14;Segunda;11:00:00;SP;116;129.9;CACAPAVA;Outras;Colisão traseira;Sem Vítimas;Pleno dia;Crescente;Sol;Dupla;Reta;Urbano;2;2
402622;2008-07-16;Quarta;18:40:00;SP;116;220.0;GUARULHOS;Falta de atenção;Colisão lateral;Sem Vítimas;Anoitecer;Decrescente;Ceu Claro;Múltipla;Reta;Urbano;2;2
402673;2008-07-18;Sexta;12:15:00;SP;116;102.0;PINDAMONHANGABA;Outras;Colisão com objeto móvel;Sem Vítimas;Pleno dia;Crescente;Sol;Dupla;Reta;Urbano;2;2
402683;2008-07-15;Terça;20:00:00;SP;116;225.0;GUARULHOS;Outras;Colisão lateral;Sem Vítimas;Plena noite;Decrescente;Nublado;Múltipla;Reta;Urbano;2;2
402736;2008-07-11;Sexta;22:05:00;SP;116;213.0;GUARULHOS;Outras;Colisão lateral;Sem Vítimas;Plena noite;Decrescente;Ceu Claro;Dupla;Reta;Urbano;2;2
402819;2008-07-18;Sexta;18:35:00;SP;116;121.6;CACAPAVA;Velocidade incompatível;Colisão traseira;Sem Vítimas;Plena noite;Crescente;Ceu Claro;Dupla;Reta;Rural;2;2
402837;2008-07-18;Sexta;16:15:00;SP;116;229.6;SAO PAULO;Outras;Colisão traseira;Com Vítimas Feridas;Pleno dia;Decrescente;Sol;Múltipla;Reta;Urbano;2;2
402883;2008-07-15;Terça;06:10:00;SP;116;221.0;GUARULHOS;Outras;Colisão traseira;Sem Vítimas;Amanhecer;Crescente;Nevoeiro/neblina;Múltipla;Reta;Urbano;2;2
402941;2008-07-18;Sexta;09:00:00;SP;116;220.3;GUARULHOS;Falta de atenção;Colisão traseira;Sem Vítimas;Pleno dia;Crescente;Ceu Claro;Múltipla;Reta;Urbano;4;4
402948;2008-07-18;Sexta;19:30:00;SP;116;185.5;SANTA ISABEL;Falta de atenção;Colisão lateral;Sem Vítimas;Plena noite;Crescente;Ignorada;Dupla;Reta;Rural;2;2
402953;2008-07-18;Sexta;07:20:00;SP;116;223.0;GUARULHOS;Outras;Colisão traseira;Sem Vítimas;Pleno dia;Decrescente;Sol;Múltipla;Reta;Urbano;2;2
403026;2008-07-18;Sexta;08:15:00;SP;116;220.0;GUARULHOS;Falta de atenção;Colisão lateral;Sem Vítimas;Pleno dia;Decrescente;Ceu Claro;Múltipla;Reta;Urbano;2;2
403079;2008-07-19;Sábado;08:40:00;SP;116;147.3;SAO JOSE DOS CAMPOS;Outras;Colisão com bicicleta;Com Vítimas Feridas;Pleno dia;Decrescente;Sol;Dupla;Reta;Urbano;2;2
403097;2008-07-10;Quinta;05:30:00;SP;116;100.5;PINDAMONHANGABA;Defeito mecânico em veículo;Colisão traseira;Com Vítimas Feridas;Amanhecer;Decrescente;Ceu Claro;Dupla;Reta;Urbano;2;2
403122;2008-07-19;Sábado;11:40:00;SP;116;158.2;JACAREI;Outras;Colisão traseira;Sem Vítimas;Pleno dia;Crescente;Sol;Dupla;Reta;Urbano;2;2
403133;2008-07-18;Sexta;19:05:00;SP;116;221.1;GUARULHOS;Desobediência à sinalização;Queda de motocicleta / bicicleta / veículo;Com Vítimas Feridas;Plena noite;Crescente;Ceu Claro;Múltipla;Reta;Urbano;1;1
403144;2008-07-16;Quarta;07:25:00;SP;116;119.2;TAUBATE;Outras;Colisão lateral;Sem Vítimas;Pleno dia;Decrescente;Ceu Claro;Dupla;Reta;Rural;2;2
403163;2008-07-19;Sábado;16:00:00;SP;116;126.3;CACAPAVA;Não guardar distância de segurança;Colisão traseira;Com Vítimas Feridas;Pleno dia;Crescente;Sol;Dupla;Reta;Urbano;2;2
403200;2008-07-18;Sexta;08:10:00;SP;116;157.9;SAO JOSE DOS CAMPOS;Outras;Colisão traseira;Sem Vítimas;Pleno dia;Decrescente;Ceu Claro;Dupla;Reta;Urbano;2;2
403278;2008-07-20;Domingo;00:10:00;SP;116;117.8;TAUBATE;Falta de atenção;Colisão traseira;Sem Vítimas;Plena noite;Crescente;Ceu Claro;Dupla;Reta;Rural;2;2
403312;2008-07-16;Quarta;01:00:00;SP;116;222.0;GUARULHOS;Outras;Tombamento;Sem Vítimas;Plena noite;Decrescente;Nevoeiro/neblina;Múltipla;Reta;Urbano;1;1
403362;2008-07-14;Segunda;07:50:00;SP;116;217.0;GUARULHOS;Não guardar distância de segurança;Colisão traseira;Com Vítimas Fatais;Pleno dia;Crescente;Ceu Claro;Múltipla;Reta;Urbano;3;3
403382;2008-07-18;Sexta;10:00:00;SP;116;157.0;SAO JOSE DOS CAMPOS;Outras;Colisão traseira;Com Vítimas Feridas;Pleno dia;Decrescente;Ceu Claro;Dupla;Reta;Urbano;3;3
403413;2008-07-19;Sábado;07:22:00;SP;116;215.4;GUARULHOS;Falta de atenção;Colisão traseira;Sem Vítimas;Pleno dia;Decrescente;Ceu Claro;Múltipla;Reta;Urbano;2;2
403422;2008-07-17;Quinta;10:20:00;SP;116;154.0;SAO JOSE DOS CAMPOS;Falta de atenção;Colisão traseira;Sem Vítimas;Pleno dia;Crescente;Sol;Dupla;Reta;Rural;2;2
403466;2008-07-19;Sábado;09:15:00;SP;116;215.8;GUARULHOS;Outras;Capotamento;Sem Vítimas;Pleno dia;Crescente;Ceu Claro;Múltipla;Reta;Urbano;1;1
403479;2008-07-18;Sexta;07:10:00;SP;116;214.6;GUARULHOS;Falta de atenção;Colisão traseira;Com Vítimas Feridas;Pleno dia;Crescente;Ceu Claro;Múltipla;Reta;Urbano;2;2
403504;2008-07-05;Sábado;11:40:00;SP;116;169.0;JACAREI;Falta de atenção;Colisão com objeto fixo;Sem Vítimas;Pleno dia;Crescente;Ceu Claro;Simples;Reta;Rural;1;1
403568;2008-07-20;Domingo;20:27:00;SP;116;201.0;ARUJA;Outras;Colisão traseira;Sem Vítimas;Plena noite;Crescente;Ceu Claro;Dupla;Reta;Urbano;2;2
403628;2008-07-21;Segunda;02:30:00;SP;116;133.1;CACAPAVA;Dormindo;Capotamento;Com Vítimas Feridas;Plena noite;Crescente;Ceu Claro;Dupla;Reta;Rural;3;2
403648;2008-07-15;Terça;20:12:00;SP;116;219.0;GUARULHOS;Outras;Colisão lateral;Sem Vítimas;Plena noite;Decrescente;Nublado;Múltipla;Reta;Urbano;3;3
403659;2008-06-12;Quinta;06:00:00;SP;116;153.0;SAO JOSE DOS CAMPOS;Outras;Colisão traseira;Sem Vítimas;Amanhecer;Crescente;Nublado;Dupla;Reta;Rural;2;2
403711;2008-07-18;Sexta;07:30:00;SP;116;213.5;GUARULHOS;Falta de atenção;Colisão lateral;Sem Vítimas;Pleno dia;Crescente;Ceu Claro;Múltipla;Reta;Urbano;2;2
403745;2008-07-18;Sexta;17:20:00;SP;116;157.0;SAO JOSE DOS CAMPOS;Outras;Queda de motocicleta / bicicleta / veículo;Com Vítimas Feridas;Pleno dia;Crescente;Ceu Claro;Dupla;Reta;Urbano;1;1
403763;2008-07-21;Segunda;13:55:00;SP;116;199.8;ARUJA;Outras;Colisão lateral;Sem Vítimas;Pleno dia;Decrescente;Sol;Múltipla;Reta;Urbano;2;2
403829;2008-07-17;Quinta;23:20:00;SP;116;176.9;GUARAREMA;Outras;Tombamento;Sem Vítimas;Plena noite;Decrescente;Ceu Claro;Dupla;Reta;Rural;1;1
403880;2008-07-21;Segunda;16:20:00;SP;116;159.0;JACAREI;Dormindo;Colisão traseira;Sem Vítimas;Pleno dia;Crescente;Sol;Dupla;Reta;Urbano;2;2
403891;2008-07-21;Segunda;18:05:00;SP;116;109.7;TAUBATE;Defeito mecânico em veículo;Capotamento;Com Vítimas Feridas;Anoitecer;Decrescente;Ceu Claro;Dupla;Reta;Urbano;1;1
403923;2008-07-15;Terça;08:15:00;SP;116;223.4;GUARULHOS;Falta de atenção;Colisão traseira;Sem Vítimas;Pleno dia;Decrescente;Ceu Claro;Múltipla;Reta;Urbano;3;3
403949;2008-07-15;Terça;14:10:00;SP;116;200.2;ARUJA;Ultrapassagem indevida;Colisão traseira;Com Vítimas Fatais;Pleno dia;Decrescente;Ceu Claro;Múltipla;Reta;Urbano;2;2
403951;2008-07-17;Quinta;07:00:00;SP;116;218.0;GUARULHOS;Outras;Colisão lateral;Com Vítimas Feridas;Pleno dia;Decrescente;Ceu Claro;Múltipla;Reta;Urbano;3;3
404009;2008-07-19;Sábado;17:15:00;SP;116;216.9;GUARULHOS;Falta de atenção;Colisão lateral;Sem Vítimas;Pleno dia;Decrescente;Ceu Claro;Múltipla;Reta;Urbano;2;2
404263;2008-07-21;Segunda;16:05:00;SP;116;221.0;GUARULHOS;Falta de atenção;Colisão traseira;Sem Vítimas;Pleno dia;Decrescente;Ceu Claro;Múltipla;Reta;Urbano;3;3
404297;2008-07-23;Quarta;11:15:00;SP;116;155.0;SAO JOSE DOS CAMPOS;Outras;Colisão traseira;Sem Vítimas;Pleno dia;Crescente;Ceu Claro;Dupla;Reta;Urbano;2;2
404307;2008-07-23;Quarta;08:20:00;SP;116;141.9;SAO JOSE DOS CAMPOS;Falta de atenção;Colisão traseira;Sem Vítimas;Pleno dia;Crescente;Sol;Dupla;Reta;Urbano;3;3
404316;2008-07-20;Domingo;20:40:00;SP;116;165.0;JACAREI;Outras;Colisão traseira;Sem Vítimas;Plena noite;Decrescente;Ceu Claro;Dupla;Reta;Urbano;2;2
404374;2008-07-22;Terça;05:55:00;SP;116;115.6;TAUBATE;Falta de atenção;Colisão traseira;Sem Vítimas;Amanhecer;Crescente;Ceu Claro;Dupla;Reta;Urbano;2;2
404382;2008-07-19;Sábado;17:40:00;SP;116;144.7;SAO JOSE DOS CAMPOS;Outras;Colisão traseira;Sem Vítimas;Anoitecer;Crescente;Ceu Claro;Dupla;Reta;Urbano;6;6
404396;2008-07-23;Quarta;09:05:00;SP;116;118.9;TAUBATE;Não guardar distância de segurança;Colisão traseira;Sem Vítimas;Pleno dia;Crescente;Sol;Dupla;Reta;Rural;2;2
404414;2008-07-20;Domingo;22:22:00;SP;116;130.7;CACAPAVA;Falta de atenção;Colisão com objeto fixo;Sem Vítimas;Plena noite;Crescente;Ceu Claro;Dupla;Reta;Urbano;1;1
404460;2008-07-23;Quarta;17:09:00;SP;116;145.0;SAO JOSE DOS CAMPOS;Outras;Colisão lateral;Sem Vítimas;Pleno dia;Crescente;Ceu Claro;Múltipla;Reta;Urbano;2;2
404500;2008-07-19;Sábado;19:00:00;SP;116;144.5;SAO JOSE DOS CAMPOS;Não guardar distância de segurança;Colisão traseira;Sem Vítimas;Plena noite;Crescente;Ceu Claro;Dupla;Reta;Urbano;2;2
404555;2008-07-22;Terça;09:40:00;SP;116;145.0;SAO JOSE DOS CAMPOS;Outras;Colisão traseira;Sem Vítimas;Pleno dia;Decrescente;Ceu Claro;Múltipla;Reta;Urbano;2;2
404570;2008-07-17;Quinta;09:20:00;SP;116;227.0;GUARULHOS;Outras;Colisão traseira;Com Vítimas Feridas;Pleno dia;Decrescente;Ceu Claro;Múltipla;Reta;Urbano;2;2
404587;2008-07-23;Quarta;11:00:00;SP;116;158.1;JACAREI;Outras;Colisão traseira;Com Vítimas Feridas;Pleno dia;Crescente;Sol;Dupla;Reta;Urbano;3;3
404589;2008-07-17;Quinta;18:20:00;SP;116;224.0;GUARULHOS;Não guardar distância de segurança;Colisão lateral;Com Vítimas Feridas;Plena noite;Decrescente;Ceu Claro;Múltipla;Reta;Urbano;2;2
404685;2008-07-20;Domingo;15:40:00;SP;116;189.0;SANTA ISABEL;Falta de atenção;Colisão traseira;Sem Vítimas;Pleno dia;Crescente;Ceu Claro;Dupla;Reta;Rural;3;3
404694;2008-07-19;Sábado;07:11:00;SP;116;99.5;PINDAMONHANGABA;Outras;Tombamento;Com Vítimas Feridas;Pleno dia;Decrescente;Ceu Claro;Simples;Curva;Rural;1;1
404743;2008-07-20;Domingo;17:45:00;SP;116;104.1;TAUBATE;Falta de atenção;Colisão traseira;Com Vítimas Feridas;Pleno dia;Crescente;Ceu Claro;Dupla;Reta;Rural;5;3
404770;2008-07-19;Sábado;07:20:00;SP;116;215.4;GUARULHOS;Falta de atenção;Colisão traseira;Com Vítimas Feridas;Pleno dia;Decrescente;Ceu Claro;Múltipla;Reta;Urbano;3;2
404776;2008-07-23;Quarta;07:55:00;SP;116;222.0;GUARULHOS;Falta de atenção;Colisão lateral;Sem Vítimas;Pleno dia;Decrescente;Ceu Claro;Múltipla;Reta;Urbano;2;2
404787;2008-07-22;Terça;07:10:00;SP;116;219.0;GUARULHOS;Falta de atenção;Colisão traseira;Sem Vítimas;Pleno dia;Decrescente;Ceu Claro;Múltipla;Reta;Urbano;4;4
404800;2008-07-15;Terça;20:50:00;SP;116;146.8;SAO JOSE DOS CAMPOS;Não guardar distância de segurança;Colisão traseira;Com Vítimas Feridas;Plena noite;Crescente;Ceu Claro;Dupla;Reta;Urbano;9;6