id;data_inversa;dia_semana;horario;uf;br;km;municipio;causa_acidente;tipo_acidente;classificacao_acidente;fase_dia;sentido_via;condicao_metereologica;tipo_pista;tracado_via;uso_solo;pessoas;veiculos
418875;2008-08-30;Sábado;01:20:00;SP;116;201.9;ARUJA;Falta de atenção;Colisão traseira;Sem Vítimas;Plena noite;Decrescente;Chuva;Dupla;Reta;Urbano;2;2
418898;2008-08-30;Sábado;03:00:00;SP;116;111.0;TAUBATE;Outras;Saída de Pista;Sem Vítimas;Plena noite;Crescente;Chuva;Dupla;Reta;Urbano;1;1
418920;2008-08-30;Sábado;05:40:00;SP;116;160.0;SAO JOSE DOS CAMPOS;Outras;Colisão lateral;Sem Vítimas;Amanhecer;Decrescente;Nublado;Múltipla;Reta;Urbano;3;3
418932;2008-08-27;Quarta;07:42:00;SP;116;159.2;JACAREI;Outras;Colisão Transversal;Com Vítimas Feridas;Pleno dia;Decrescente;Ceu Claro;Dupla;Reta;Urbano;2;2
418933;2008-08-26;Terça;21:34:00;SP;116;135.1;SAO JOSE DOS CAMPOS;Outras;Colisão com objeto móvel;Com Vítimas Feridas;Plena noite;Decrescente;Ceu Claro;Simples;Reta;Rural;3;3
418976;2008-08-27;Quarta;19:09:00;SP;116;107.7;TAUBATE;Outras;Queda de motocicleta / bicicleta / veículo;Com Vítimas Feridas;Plena noite;Decrescente;Ceu Claro;Dupla;Reta;Urbano;2;2
418989;2008-08-29;Sexta;12:00:00;SP;116;229.0;SAO PAULO;Falta de atenção;Colisão lateral;Com Vítimas Feridas;Pleno dia;Decrescente;Sol;Múltipla;Reta;Urbano;3;3
419084;2008-08-27;Quarta;07:00:00;SP;116;157.0;JACAREI;Outras;Colisão traseira;Sem Vítimas;Amanhecer;Crescente;Ceu Claro;Dupla;Reta;Rural;2;2
419126;2008-08-27;Quarta;15:05:00;SP;116;155.0;SAO JOSE DOS CAMPOS;Outras;Colisão lateral;Sem Vítimas;Pleno dia;Decrescente;Ceu Claro;Dupla;Reta;Urbano;2;2
419293;2008-08-27;Quarta;16:52:00;SP;116;109.5;TAUBATE;Outras;Colisão traseira;Sem Vítimas;Pleno dia;Decrescente;Sol;Dupla;Reta;Urbano;2;2
419326;2008-08-31;Domingo;09:00:00;SP;116;125.9;CACAPAVA;Defeito mecânico em veículo;Colisão com objeto fixo;Com Vítimas Feridas;Pleno dia;Crescente;Ceu Claro;Dupla;Reta;Urbano;4;1
419333;2008-08-27;Quarta;22:50:00;SP;116;103.9;TAUBATE;Outras;Colisão lateral;Com Vítimas Fatais;Plena noite;Crescente;Ceu Claro;Múltipla;Reta;Rural;5;4
419378;2008-08-31;Domingo;07:00:00;SP;116;107.0;TAUBATE;Outras;Colisão com objeto fixo;Ignorado;Pleno dia;Decrescente;Ceu Claro;Dupla;Reta;Urbano;1;1
419384;2008-08-27;Quarta;19:20:00;SP;116;161.0;JACAREI;Outras;Colisão lateral;Sem Vítimas;Anoitecer;Crescente;Ceu Claro;Dupla;Reta;Urbano;2;2
419393;2008-08-27;Quarta;16:50:00;SP;116;109.5;TAUBATE;Outras;Colisão traseira;Com Vítimas Feridas;Pleno dia;Decrescente;Ceu Claro;Dupla;Reta;Urbano;3;3
419404;2008-08-28;Quinta;08:30:00;SP;116;144.0;SAO JOSE DOS CAMPOS;Falta de atenção;Colisão lateral;Sem Vítimas;Pleno dia;Crescente;Ceu Claro;Dupla;Reta;Rural;2;2
419522;2008-08-26;Terça;20:30:00;SP;116;217.2;GUARULHOS;Outras;Colisão traseira;Com Vítimas Feridas;Plena noite;Decrescente;Ceu Claro;Múltipla;Reta;Urbano;5;4
419533;2008-08-31;Domingo;19:30:00;SP;116;138.8;SAO JOSE DOS CAMPOS;Dormindo;Colisão traseira;Com Vítimas Feridas;Plena noite;Decrescente;Ceu Claro;Dupla;Reta;Urbano;4;2
419586;2008-09-01;Segunda;02:15:00;SP;116;114.2;TAUBATE;Não guardar distância de segurança;Colisão traseira;Sem Vítimas;Plena noite;Decrescente;Ceu Claro;Dupla;Reta;Urbano;2;2
419620;2008-08-21;Quinta;18:40:00;SP;116;217.0;GUARULHOS;Falta de atenção;Colisão traseira;Sem Vítimas;Plena noite;Crescente;Nublado;Múltipla;Reta;Urbano;4;4
419634;2008-08-24;Domingo;06:00:00;SP;116;144.0;SAO JOSE DOS CAMPOS;Defeito mecânico em veículo;Capotamento;Sem Vítimas;Amanhecer;Crescente;Ceu Claro;Dupla;Reta;Urbano;1;1
419655;2008-08-30;Sábado;13:40:00;SP;116;213.0;GUARULHOS;Outras;Colisão traseira;Sem Vítimas;Pleno dia;Decrescente;Nublado;Múltipla;Reta;Urbano;2;2
419683;2008-08-29;Sexta;07:30:00;SP;116;212.0;GUARULHOS;Ultrapassagem indevida;Colisão lateral;Com Vítimas Feridas;Amanhecer;Crescente;Nublado;Dupla;Reta;Urbano;3;3
419726;2008-08-28;Quinta;16:20:00;SP;116;112.0;TAUBATE;Não guardar distância de segurança;Colisão lateral;Sem Vítimas;Pleno dia;Decrescente;Sol;Dupla;Reta;Urbano;2;2
419752;2008-09-01;Segunda;11:30:00;SP;116;207.0;GUARULHOS;Outras;Colisão traseira;Sem Vítimas;Pleno dia;Crescente;Sol;Dupla;Reta;Urbano;2;2
419771;2008-08-31;Domingo;19:40:00;SP;116;221.0;GUARULHOS;Outras;Colisão traseira;Com Vítimas Feridas;Plena noite;Crescente;Ceu Claro;Múltipla;Reta;Urbano;5;4
419772;2008-08-31;Domingo;21:15:00;SP;116;153.4;SAO JOSE DOS CAMPOS;Outras;Colisão lateral;Sem Vítimas;Plena noite;Crescente;Ceu Claro;Dupla;Reta;Urbano;2;2
419788;2008-08-28;Quinta;18:30:00;SP;116;218.4;GUARULHOS;Falta de atenção;Colisão lateral;Sem Vítimas;Plena noite;Decrescente;Ceu Claro;Múltipla;Reta;Urbano;2;2
419796;2008-08-27;Quarta;19:00:00;SP;116;219.0;GUARULHOS;Falta de atenção;Colisão lateral;Com Vítimas Feridas;Plena noite;Crescente;Ceu Claro;Múltipla;Reta;Urbano;2;2
419803;2008-09-01;Segunda;15:50:00;SP;116;216.8;GUARULHOS;Falta de atenção;Colisão com objeto fixo;Sem Vítimas;Pleno dia;Crescente;Ceu Claro;Múltipla;Reta;Urbano;1;1
419816;2008-09-01;Segunda;06:10:00;SP;116;210.0;GUARULHOS;Falta de atenção;Colisão traseira;Sem Vítimas;Amanhecer;Crescente;Ceu Claro;Dupla;Reta;Urbano;4;4
419867;2008-08-23;Sábado;07:50:00;SP;116;157.0;SAO JOSE DOS CAMPOS;Falta de atenção;Colisão traseira;Sem Vítimas;Pleno dia;Decrescente;Ceu Claro;Dupla;Reta;Urbano;2;2
419917;2008-09-01;Segunda;19:20:00;SP;116;134.0;CACAPAVA;Não guardar distância de segurança;Colisão traseira;Com Vítimas Feridas;Plena noite;Decrescente;Ignorada;Dupla;Reta;Rural;3;2
419938;2008-09-01;Segunda;18:50:00;SP;116;134.0;CACAPAVA;Outras;Colisão Transversal;Com Vítimas Feridas;Plena noite;Crescente;Ceu Claro;Dupla;Reta;Rural;3;2
419991;2008-08-28;Quinta;11:50:00;SP;116;133.0;CACAPAVA;Defeito mecânico em veículo;Danos Eventuais;Sem Vítimas;Pleno dia;Decrescente;Sol;Dupla;Reta;Rural;2;2
420035;2008-08-28;Quinta;07:05:00;SP;116;202.5;ARUJA;Não guardar distância de segurança;Colisão traseira;Sem Vítimas;Pleno dia;Decrescente;Nublado;Múltipla;Curva;Urbano;2;2
420064;2008-09-01;Segunda;11:00:00;SP;116;225.0;GUARULHOS;Não guardar distância de segurança;Colisão lateral;Sem Vítimas;Pleno dia;Decrescente;Ceu Claro;Dupla;Reta;Urbano;3;3
420066;2008-09-02;Terça;09:30:00;SP;116;118.0;TAUBATE;Defeito mecânico em veículo;Saída de Pista;Sem Vítimas;Pleno dia;Crescente;Ceu Claro;Dupla;Reta;Urbano;1;1
420136;2008-09-02;Terça;08:00:00;SP;116;220.0;GUARULHOS;Não guardar distância de segurança;Colisão traseira;Sem Vítimas;Pleno dia;Crescente;Ceu Claro;Múltipla;Reta;Urbano;3;3
420164;2008-08-29;Sexta;11:40:00;SP;116;229.0;SAO PAULO;Outras;Colisão lateral;Com Vítimas Feridas;Pleno dia;Crescente;Ceu Claro;Múltipla;Reta;Urbano;2;2
420186;2008-08-30;Sábado;08:40:00;SP;116;194.0;SANTA ISABEL;Outras;Saída de Pista;Sem Vítimas;Pleno dia;Decrescente;Ceu Claro;Simples;Curva;Rural;1;1
420225;2008-09-02;Terça;17:40:00;SP;116;206.0;GUARULHOS;Outras;Colisão lateral;Sem Vítimas;Pleno dia;Decrescente;Sol;Dupla;Reta;Urbano;3;3
420242;2008-08-23;Sábado;15:40:00;SP;116;156.9;SAO JOSE DOS CAMPOS;Outras;Colisão com bicicleta;Com Vítimas Fatais;Pleno dia;Decrescente;Ceu Claro;Dupla;Reta;Urbano;2;2
420249;2008-09-02;Terça;16:55:00;SP;116;130.2;CACAPAVA;Não guardar distância de segurança;Colisão lateral;Sem Vítimas;Pleno dia;Crescente;Ceu Claro;Dupla;Reta;Urbano;2;2
420301;2008-08-27;Quarta;03:50:00;SP;116;193.0;SANTA ISABEL;Defeito mecânico em veículo;Colisão com objeto fixo;Sem Vítimas;Plena noite;Crescente;Ceu Claro;Dupla;Curva;Rural;1;1
420320;2008-09-02;Terça;07:20:00;SP;116;225.5;GUARULHOS;Outras;Colisão traseira;Com Vítimas Feridas;Pleno dia;Crescente;Sol;Múltipla;Reta;Urbano;3;2
420334;2008-08-28;Quinta;07:30:00;SP;116;221.5;GUARULHOS;Outras;Colisão lateral;Sem Vítimas;Pleno dia;Crescente;Ceu Claro;Múltipla;Reta;Urbano;2;2
420352;2008-08-29;Sexta;12:00:00;SP;116;220.5;GUARULHOS;Falta de atenção;Colisão traseira;Sem Vítimas;Pleno dia;Decrescente;Ceu Claro;Múltipla;Reta;Urbano;2;2
420409;2008-08-27;Quarta;20:00:00;SP;116;217.0;GUARULHOS;Outras;Colisão lateral;Sem Vítimas;Plena noite;Crescente;Ceu Claro;Múltipla;Reta;Urbano;3;3
420424;2008-09-02;Terça;15:50:00;SP;116;227.0;GUARULHOS;Falta de atenção;Colisão lateral;Sem Vítimas;Pleno dia;Decrescente;Ceu Claro;Múltipla;Reta;Urbano;2;2
420455;2008-08-28;Quinta;05:00:00;SP;116;219.0;GUARULHOS;Outras;Colisão traseira;Sem Vítimas;Plena noite;Decrescente;Ceu Claro;Múltipla;Reta;Urbano;2;2
420458;2008-09-01;Segunda;07:20:00;SP;116;146.0;SAO JOSE DOS CAMPOS;Não guardar distância de segurança;Colisão traseira;Com Vítimas Feridas;Pleno dia;Crescente;Ceu Claro;Dupla;Reta;Urbano;9;6
420541;2008-09-03;Quarta;14:30:00;SP;116;225.0;GUARULHOS;Falta de atenção;Colisão traseira;Sem Vítimas;Pleno dia;Decrescente;Sol;Múltipla;Reta;Urbano;2;2
420562;2008-08-26;Terça;21:35:00;SP;116;135.0;SAO JOSE DOS CAMPOS;Outras;Colisão traseira;Sem Vítimas;Plena noite;Decrescente;Ceu Claro;Dupla;Reta;Rural;2;2
420683;2008-08-30;Sábado;19:42:00;SP;116;103.5;TAUBATE;Falta de atenção;Colisão lateral;Com Vítimas Feridas;Plena noite;Decrescente;Nublado;Dupla;Reta;Rural;3;2
420728;2008-08-31;Domingo;11:55:00;SP;116;225.0;GUARULHOS;Falta de atenção;Colisão traseira;Com Vítimas Feridas;Pleno dia;Decrescente;Sol;Múltipla;Reta;Urbano;2;2
420729;2008-08-31;Domingo;11:40:00;SP;116;195.0;ARUJA;Defeito mecânico em veículo;Saída de Pista;Sem Vítimas;Pleno dia;Decrescente;Ceu Claro;Dupla;Reta;Rural;1;1
420733;2008-09-01;Segunda;09:15:00;SP;116;224.0;GUARULHOS;Falta de atenção;Queda de motocicleta / bicicleta / veículo;Sem Vítimas;Pleno dia;Decrescente;Ceu Claro;Múltipla;Reta;Urbano;1;1
420734;2008-09-01;Segunda;07:30:00;SP;116;219.0;GUARULHOS;Não guardar distância de segurança;Colisão traseira;Sem Vítimas;Pleno dia;Decrescente;Ceu Claro;Múltipla;Reta;Urbano;2;2
420743;2008-08-31;Domingo;16:15:00;SP;116;225.9;GUARULHOS;Falta de atenção;Colisão lateral;Sem Vítimas;Pleno dia;Crescente;Sol;Múltipla;Reta;Urbano;2;2
420763;2008-08-27;Quarta;08:00:00;SP;116;218.8;GUARULHOS;Outras;Colisão Transversal;Com Vítimas Feridas;Pleno dia;Crescente;Ceu Claro;Dupla;Reta;Urbano;2;2
420764;2008-09-04;Quinta;01:40:00;SP;116;172.0;JACAREI;Outras;Colisão com objeto móvel;Sem Vítimas;Plena noite;Decrescente;Ceu Claro;Dupla;Curva;Rural;1;1
420772;2008-08-28;Quinta;15:00:00;SP;116;217.0;GUARULHOS;Outras;Colisão traseira;Sem Vítimas;Pleno dia;Decrescente;Ceu Claro;Múltipla;Reta;Urbano;2;2
420778;2008-09-02;Terça;18:40:00;SP;116;210.0;GUARULHOS;Outras;Colisão lateral;Sem Vítimas;Anoitecer;Crescente;Nublado;Simples;Reta;Urbano;2;2
420783;2008-09-01;Segunda;23:00:00;SP;116;192.4;SANTA ISABEL;Defeito mecânico em veículo;Colisão com objeto móvel;Sem Vítimas;Plena noite;Decrescente;Ceu Claro;Dupla;Curva;Rural;2;2
420812;2008-03-10;Segunda;15:00:00;SP;116;225.3;GUARULHOS;Outras;Colisão lateral;Sem Vítimas;Pleno dia;Decrescente;Chuva;Múltipla;Reta;Urbano;2;2
420822;2008-09-03;Quarta;02:50:00;SP;116;149.0;SAO JOSE DOS CAMPOS;Outras;Colisão com objeto fixo;Com Vítimas Feridas;Plena noite;Decrescente;Ceu Claro;Dupla;Reta;Urbano;1;1
420845;2008-09-02;Terça;06:15:00;SP;116;178.3;GUARAREMA;Outras;Colisão lateral;Sem Vítimas;Amanhecer;Crescente;Nevoeiro/neblina;Dupla;Reta;Rural;2;2
420967;2008-09-02;Terça;06:30:00;SP;116;147.7;SAO JOSE DOS CAMPOS;Não guardar distância de segurança;Colisão lateral;Com Vítimas Fatais;Pleno dia;Decrescente;Sol;Dupla;Reta;Urbano;3;3
420993;2008-09-03;Quarta;06:00:00;SP;116;213.0;GUARULHOS;Falta de atenção;Colisão traseira;Sem Vítimas;Amanhecer;Crescente;Nublado;Dupla;Reta;Urbano;3;3
421056;2008-09-01;Segunda;05:45:00;SP;116;104.8;TAUBATE;Não guardar distância de segurança;Colisão traseira;Com Vítimas Feridas;Amanhecer;Crescente;Ceu Claro;Dupla;Reta;Rural;2;2
421085;2008-09-02;Terça;05:30:00;SP;116;204.0;ARUJA;Falta de atenção;Colisão com objeto fixo;Sem Vítimas;Amanhecer;Decrescente;Ceu Claro;Múltipla;Reta;Urbano;1;1
421088;2008-08-31;Domingo;22:50:00;SP;116;108.0;TAUBATE;Outras;Colisão com objeto fixo;Sem Vítimas;Plena noite;Crescente;Ceu Claro;Dupla;Reta;Urbano;2;2
421107;2008-09-04;Quinta;23:15:00;SP;116;200.9;ARUJA;Outras;Colisão com objeto fixo;Sem Vítimas;Pleno dia;Crescente;Ceu Claro;Dupla;Reta;Rural;1;1
421109;2008-09-03;Quarta;23:00:00;SP;116;229.0;SAO PAULO;Desobediência à sinalização;Atropelamento de pessoa;Com Vítimas Feridas;Plena noite;Decrescente;Ceu Claro;Múltipla;Reta;Urbano;2;1
421130;2008-09-01;Segunda;15:40:00;SP;116;221.0;GUARULHOS;Não guardar distância de segurança;Colisão traseira;Sem Vítimas;Pleno dia;Decrescente;Sol;Múltipla;Reta;Urbano;2;2
421152;2008-09-04;Quinta;10:20:00;SP;116;222.0;GUARULHOS;Falta de atenção;Queda de motocicleta / bicicleta / veículo;Sem Vítimas;Pleno dia;Decrescente;Ceu Claro;Múltipla;Reta;Urbano;1;1
421157;2008-09-04;Quinta;12:30:00;SP;116;229.0;SAO PAULO;Falta de atenção;Colisão traseira;Com Vítimas Feridas;Pleno dia;Crescente;Ceu Claro;Múltipla;Reta;Urbano;2;2
421327;2008-09-04;Quinta;06:50:00;SP;116;214.0;GUARULHOS;Outras;Colisão lateral;Sem Vítimas;Pleno dia;Decrescente;Ceu Claro;Múltipla;Reta;Urbano;2;2
421520;2008-09-03;Quarta;00:02:00;SP;116;214.0;GUARULHOS;Outras;Colisão com bicicleta;Com Vítimas Fatais;Plena noite;Decrescente;Ceu Claro;Dupla;Reta;Urbano;2;2
421538;2008-09-03;Quarta;08:20:00;SP;116;227.1;GUARULHOS;Outras;Colisão lateral;Com Vítimas Feridas;Pleno dia;Crescente;Ceu Claro;Múltipla;Reta;Urbano;2;2
421549;2008-08-27;Quarta;22:11:00;SP;116;189.0;SANTA ISABEL;Outras;Colisão lateral;Sem Vítimas;Plena noite;Crescente;Ceu Claro;Dupla;Reta;Rural;2;2
421556;2008-09-02;Terça;19:00:00;SP;116;209.0;GUARULHOS;Falta de atenção;Colisão lateral;Sem Vítimas;Plena noite;Decrescente;Ceu Claro;Múltipla;Reta;Urbano;2;2
421636;2008-09-05;Sexta;07:29:00;SP;116;100.8;PINDAMONHANGABA;Defeito mecânico em veículo;Colisão traseira;Sem Vítimas;Pleno dia;Decrescente;Ceu Claro;Dupla;Reta;Urbano;2;2
421692;2008-09-06;Sábado;07:30:00;SP;116;157.0;SAO JOSE DOS CAMPOS;Falta de atenção;Colisão traseira;Sem Vítimas;Pleno dia;Crescente;Sol;Dupla;Reta;Urbano;2;2
421766;2008-09-06;Sábado;15:50:00;SP;116;213.0;GUARULHOS;Falta de atenção;Colisão lateral;Sem Vítimas;Pleno dia;Decrescente;Ceu Claro;Dupla;Reta;Urbano;2;2
421883;2008-09-02;Terça;18:00:00;SP;116;210.5;GUARULHOS;Falta de atenção;Colisão lateral;Sem Vítimas;Pleno dia;Crescente;Ceu Claro;Dupla;Reta;Urbano;3;3
421886;2008-09-06;Sábado;04:34:00;SP;116;215.5;GUARULHOS;Falta de atenção;Queda de motocicleta / bicicleta / veículo;Com Vítimas Fatais;Plena noite;Decrescente;Ceu Claro;Múltipla;Reta;Urbano;2;2
421895;2008-09-02;Terça;11:30:00;SP;116;202.0;ARUJA;Falta de atenção;Colisão lateral;Sem Vítimas;Pleno dia;Decrescente;Sol;Dupla;Reta;Urbano;2;2
421898;2008-09-05;Sexta;07:45:00;SP;116;220.0;GUARULHOS;Falta de atenção;Colisão traseira;Com Vítimas Feridas;Pleno dia;Decrescente;Ceu Claro;Múltipla;Reta;Urbano;2;2
421922;2008-09-06;Sábado;23:30:00;SP;116;218.0;GUARULHOS;Outras;Colisão lateral;Sem Vítimas;Plena noite;Decrescente;Ceu Claro;Múltipla;Reta;Urbano;2;2
421988;2008-09-05;Sexta;22:18:00;SP;116;214.5;GUARULHOS;Falta de atenção;Colisão traseira;Com Vítimas Feridas;Plena noite;Crescente;Ceu Claro;Múltipla;Reta;Urbano;4;4
422027;2008-09-06;Sábado;23:30:00;SP;116;148.7;SAO JOSE DOS CAMPOS;Outras;Atropelamento de pessoa;Com Vítimas Fatais;Plena noite;Crescente;Ceu Claro;Dupla;Reta;Urbano;3;1
422093;2008-09-05;Sexta;19:00:00;SP;116;116.0;TAUBATE;Outras;Atropelamento de pessoa;Com Vítimas Fatais;Plena noite;Crescente;Ceu Claro;Dupla;Reta;Urbano;2;1
422213;2008-09-04;Quinta;10:50:00;SP;116;219.0;GUARULHOS;Defeito mecânico em veículo;Colisão com objeto móvel;Sem Vítimas;Pleno dia;Decrescente;Ceu Claro;Múltipla;Reta;Urbano;1;1
422225;2008-09-02;Terça;20:00:00;SP;116;218.0;GUARULHOS;Outras;Queda de motocicleta / bicicleta / veículo;Com Vítimas Feridas;Plena noite;Crescente;Ceu Claro;Múltipla;Reta;Urbano;1;1
422237;2008-09-05;Sexta;14:30:00;SP;116;202.0;ARUJA;Falta de atenção;Colisão lateral;Com Vítimas Feridas;Pleno dia;Decrescente;Sol;Dupla;Reta;Urbano;2;2
422331;2008-09-04;Quinta;13:50:00;SP;116;220.1;GUARULHOS;Falta de atenção;Colisão traseira;Com Vítimas Feridas;Pleno dia;Crescente;Ceu Claro;Múltipla;Reta;Urbano;2;2
422332;2008-09-04;Quinta;18:30:00;SP;116;222.5;GUARULHOS;Falta de atenção;Atropelamento de pessoa;Com Vítimas Feridas;Pleno dia;Crescente;Ceu Claro;Múltipla;Reta;Urbano;2;1
422344;2008-09-05;Sexta;13:45:00;SP;116;229.0;SAO PAULO;Outras;Colisão Transversal;Sem Vítimas;Pleno dia;Decrescente;Ceu Claro;Múltipla;Reta;Urbano;2;2
422392;2008-09-04;Quinta;14:55:00;SP;116;118.7;TAUBATE;Dormindo;Saída de Pista;Sem Vítimas;Pleno dia;Decrescente;Sol;Dupla;Reta;Rural;1;1
422402;2008-09-07;Domingo;02:40:00;SP;116;154.0;SAO JOSE DOS CAMPOS;Falta de atenção;Colisão com objeto fixo;Sem Vítimas;Plena noite;Crescente;Ceu Claro;Dupla;Reta;Urbano;1;1
422442;2008-09-05;Sexta;20:15:00;SP;116;183.0;SANTA ISABEL;Outras;Colisão traseira;Sem Vítimas;Plena noite;Crescente;Ceu Claro;Dupla;Reta;Rural;3;3
422523;2008-09-03;Quarta;06:15:00;SP;116;211.0;GUARULHOS;Desobediência à sinalização;Colisão lateral;Sem Vítimas;Amanhecer;Crescente;Ceu Claro;Múltipla;Reta;Urbano;2;2
422581;2008-09-08;Segunda;14:15:00;SP;116;147.8;SAO JOSE DOS CAMPOS;Outras;Tombamento;Sem Vítimas;Pleno dia;Decrescente;Nublado;Simples;Curva;Urbano;1;1
422614;2008-09-04;Quinta;07:30:00;SP;116;157.0;SAO JOSE DOS CAMPOS;Outras;Colisão traseira;Sem Vítimas;Pleno dia;Crescente;Ceu Claro;Dupla;Reta;Urbano;2;2
422665;2008-09-04;Quinta;13:55:00;SP;116;132.7;CACAPAVA;Outras;Colisão lateral;Sem Vítimas;Pleno dia;Decrescente;Sol;Dupla;Reta;Rural;2;2
422668;2008-09-04;Quinta;13:30:00;SP;116;121.1;CACAPAVA;Defeito mecânico em veículo;Queda de motocicleta / bicicleta / veículo;Com Vítimas Feridas;Pleno dia;Decrescente;Ceu Claro;Dupla;Reta;Rural;2;1
422669;2008-09-01;Segunda;10:00:00;SP;116;144.0;SAO JOSE DOS CAMPOS;Outras;Colisão traseira;Sem Vítimas;Pleno dia;Crescente;Sol;Dupla;Reta;Urbano;2;2
422718;2008-09-05;Sexta;00:50:00;SP;116;126.8;CACAPAVA;Outras;Colisão lateral;Sem Vítimas;Plena noite;Decrescente;Ceu Claro;Dupla;Reta;Urbano;3;3
422780;2008-09-07;Domingo;08:40:00;SP;116;229.0;SAO PAULO;Outras;Colisão com objeto fixo;Sem Vítimas;Pleno dia;Crescente;Sol;Múltipla;Reta;Urbano;1;1
422853;2008-08-31;Domingo;05:32:00;SP;116;116.0;JUQUITIBA;Animais na Pista;Atropelamento de animal;Sem Vítimas;Amanhecer;Decrescente;Nublado;Dupla;Reta;Rural;1;1
422854;2008-09-07;Domingo;13:53:00;SP;116;118.9;TAUBATE;Outras;Colisão com objeto fixo;Sem Vítimas;Pleno dia;Crescente;Nublado;Dupla;Reta;Urbano;1;1
422880;2008-09-06;Sábado;05:15:00;SP;116;144.0;SAO JOSE DOS CAMPOS;Desobediência à sinalização;Colisão com bicicleta;Com Vítimas Feridas;Plena noite;Crescente;Ceu Claro;Dupla;Reta;Urbano;2;2
422919;2008-09-09;Terça;07:10:00;SP;116;199.2;ARUJA;Outras;Colisão traseira;Sem Vítimas;Pleno dia;Crescente;Nublado;Dupla;Reta;Urbano;2;2
422976;2008-09-09;Terça;11:50:00;SP;116;157.0;SAO JOSE DOS CAMPOS;Não guardar distância de segurança;Colisão traseira;Sem Vítimas;Pleno dia;Crescente;Nublado;Dupla;Reta;Urbano;2;2
423062;2008-09-08;Segunda;22:30:00;SP;116;222.4;GUARULHOS;Falta de atenção;Atropelamento de pessoa;Com Vítimas Feridas;Plena noite;Decrescente;Nevoeiro/neblina;Múltipla;Reta;Urbano;2;1
423100;2008-09-09;Terça;15:50:00;SP;116;164.1;JACAREI;Outras;Capotamento;Com Vítimas Feridas;Pleno dia;Decrescente;Ceu Claro;Dupla;Reta;Rural;1;1
423133;2008-09-08;Segunda;20:00:00;SP;116;186.6;SANTA ISABEL;Outras;Colisão traseira;Com Vítimas Feridas;Plena noite;Decrescente;Ceu Claro;Dupla;Reta;Urbano;2;2
423148;2008-09-07;Domingo;18:30:00;SP;116;215.0;GUARULHOS;Outras;Colisão lateral;Sem Vítimas;Plena noite;Crescente;Nublado;Múltipla;Reta;Urbano;2;2
423165;2008-09-09;Terça;19:09:00;SP;116;149.0;SAO JOSE DOS CAMPOS;Defeito mecânico em veículo;Colisão traseira;Sem Vítimas;Plena noite;Decrescente;Ceu Claro;Dupla;Reta;Urbano;3;3
423167;2008-09-09;Terça;19:10:00;SP;116;149.1;SAO JOSE DOS CAMPOS;Outras;Colisão traseira;Sem Vítimas;Plena noite;Decrescente;Ceu Claro;Dupla;Reta;Urbano;3;3
423180;2008-09-09;Terça;09:48:00;SP;116;101.7;PINDAMONHANGABA;Falta de atenção;Colisão traseira;Sem Vítimas;Pleno dia;Decrescente;Nublado;Múltipla;Reta;Rural;2;2
423186;2008-09-06;Sábado;16:40:00;SP;116;226.8;GUARULHOS;Outras;Queda de motocicleta / bicicleta / veículo;Com Vítimas Feridas;Pleno dia;Crescente;Sol;Simples;Curva;Urbano;1;1
423205;2008-09-06;Sábado;00:05:00;SP;116;112.2;TAUBATE;Falta de atenção;Colisão traseira;Com Vítimas Feridas;Plena noite;Crescente;Ignorada;Dupla;Reta;Urbano;3;2
423206;2008-09-09;Terça;12:05:00;SP;116;125.3;CACAPAVA;Outras;Atropelamento de pessoa;Com Vítimas Fatais;Pleno dia;Decrescente;Chuva;Dupla;Reta;Urbano;2;1
423232;2008-09-09;Terça;12:10:00;SP;116;125.3;CACAPAVA;Não guardar distância de segurança;Colisão traseira;Sem Vítimas;Pleno dia;Decrescente;Ceu Claro;Dupla;Reta;Urbano;2;2
423284;2008-09-04;Quinta;17:00:00;SP;116;220.0;GUARULHOS;Não guardar distância de segurança;Colisão traseira;Sem Vítimas;Pleno dia;Crescente;Ceu Claro;Múltipla;Reta;Urbano;2;2
423312;2008-09-05;Sexta;17:30:00;SP;116;146.1;SAO JOSE DOS CAMPOS;Não guardar distância de segurança;Colisão traseira;Sem Vítimas;Anoitecer;Decrescente;Ceu Claro;Dupla;Reta;Urbano;2;2
423322;2008-09-06;Sábado;11:30:00;SP;116;214.5;GUARULHOS;Outras;Colisão com objeto fixo;Sem Vítimas;Pleno dia;Crescente;Nublado;Múltipla;Reta;Urbano;2;2
423327;2008-09-08;Segunda;20:00:00;SP;116;223.0;GUARULHOS;Outras;Colisão com objeto móvel;Com Vítimas Feridas;Plena noite;Decrescente;Nublado;Múltipla;Reta;Urbano;1;1
423331;2008-09-05;Sexta;22:30:00;SP;116;154.0;SAO JOSE DOS CAMPOS;Ingestão de álcool;Saída de Pista;Sem Vítimas;Plena noite;Crescente;Ceu Claro;Dupla;Reta;Urbano;1;1