id;data_inversa;dia_semana;horario;uf;br;km;municipio;causa_acidente;tipo_acidente;classificacao_acidente;fase_dia;sentido_via;condicao_metereologica;tipo_pista;tracado_via;uso_solo;pessoas;veiculos
444551;2008-10-30;Quinta;15:00:00;SP;116;113.3;TAUBATE;Velocidade incompatível;Tombamento;Sem Vítimas;Pleno dia;Decrescente;Ceu Claro;Múltipla;Reta;Urbano;1;1
444580;2008-10-28;Terça;19:00:00;SP;116;229.5;SAO PAULO;Falta de atenção;Colisão lateral;Sem Vítimas;Anoitecer;Crescente;Ceu Claro;Múltipla;Reta;Urbano;2;2
444617;2008-10-30;Quinta;02:30:00;SP;116;150.0;SAO JOSE DOS CAMPOS;Outras;Colisão lateral;Sem Vítimas;Plena noite;Crescente;Chuva;Dupla;Reta;Urbano;2;2
444633;2008-10-27;Segunda;07:25:00;SP;116;153.0;SAO JOSE DOS CAMPOS;Outras;Colisão lateral;Sem Vítimas;Pleno dia;Decrescente;Ceu Claro;Dupla;Reta;Urbano;2;2
444680;2008-10-29;Quarta;14:30:00;SP;116;165.0;JACAREI;Outras;Colisão traseira;Sem Vítimas;Pleno dia;Decrescente;Ceu Claro;Múltipla;Reta;Rural;2;2
444684;2008-10-29;Quarta;23:10:00;SP;116;229.3;SAO PAULO;Falta de atenção;Atropelamento de pessoa;Com Vítimas Fatais;Plena noite;Decrescente;Chuva;Múltipla;Reta;Urbano;2;1
444722;2008-10-31;Sexta;09:00:00;SP;116;144.0;SAO JOSE DOS CAMPOS;Outras;Colisão traseira;Sem Vítimas;Pleno dia;Crescente;Nublado;Dupla;Reta;Urbano;2;2
444757;2008-10-31;Sexta;17:30:00;SP;116;140.2;SAO JOSE DOS CAMPOS;Outras;Colisão traseira;Sem Vítimas;Pleno dia;Crescente;Nublado;Dupla;Reta;Urbano;4;4
444880;2008-10-30;Quinta;09:20:00;SP;116;160.0;JACAREI;Outras;Colisão lateral;Sem Vítimas;Pleno dia;Crescente;Ceu Claro;Dupla;Reta;Urbano;2;2
444912;2008-10-30;Quinta;10:00:00;SP;116;154.3;SAO JOSE DOS CAMPOS;Velocidade incompatível;Colisão traseira;Sem Vítimas;Pleno dia;Crescente;Sol;Dupla;Reta;Urbano;2;2
444957;2008-11-01;Sábado;09:10:00;SP;116;166.3;JACAREI;Falta de atenção;Colisão lateral;Com Vítimas Feridas;Pleno dia;Decrescente;Nublado;Dupla;Reta;Urbano;3;2
444981;2008-10-29;Quarta;06:15:00;SP;116;102.0;PINDAMONHANGABA;Outras;Colisão lateral;Sem Vítimas;Amanhecer;Crescente;Ceu Claro;Dupla;Reta;Rural;2;2
445076;2008-10-28;Terça;02:30:00;SP;116;190.9;SANTA ISABEL;Outras;Colisão traseira;Sem Vítimas;Plena noite;Decrescente;Nublado;Dupla;Curva;Rural;3;3
445270;2008-11-01;Sábado;17:15:00;SP;116;216.0;GUARULHOS;Falta de atenção;Colisão traseira;Com Vítimas Feridas;Pleno dia;Decrescente;Ceu Claro;Múltipla;Reta;Urbano;2;2
445294;2008-11-01;Sábado;12:10:00;SP;116;218.0;GUARULHOS;Falta de atenção;Colisão traseira;Sem Vítimas;Pleno dia;Crescente;Ceu Claro;Múltipla;Cruzamento;Urbano;3;3
445330;2008-10-30;Quinta;18:05:00;SP;116;158.0;JACAREI;Não guardar distância de segurança;Colisão traseira;Sem Vítimas;Pleno dia;Decrescente;Ceu Claro;Dupla;Reta;Urbano;2;2
445374;2008-10-31;Sexta;10:25:00;SP;116;214.6;GUARULHOS;Falta de atenção;Colisão com objeto fixo;Com Vítimas Feridas;Pleno dia;Crescente;Ceu Claro;Múltipla;Reta;Urbano;2;1
445376;2008-11-02;Domingo;17:30:00;SP;116;129.5;CACAPAVA;Dormindo;Capotamento;Sem Vítimas;Pleno dia;Crescente;Nublado;Dupla;Reta;Urbano;1;1
445469;2008-10-30;Quinta;16:10:00;SP;116;227.8;SAO PAULO;Falta de atenção;Colisão traseira;Com Vítimas Feridas;Pleno dia;Decrescente;Ceu Claro;Múltipla;Reta;Urbano;2;2
445478;2008-10-31;Sexta;13:30:00;SP;116;219.0;GUARULHOS;Não guardar distância de segurança;Colisão traseira;Sem Vítimas;Pleno dia;Decrescente;Ceu Claro;Múltipla;Reta;Urbano;2;2
445481;2008-11-02;Domingo;13:40:00;SP;116;102.3;PINDAMONHANGABA;Outras;Colisão lateral;Sem Vítimas;Pleno dia;Crescente;Ceu Claro;Dupla;Cruzamento;Rural;2;2
445548;2008-11-01;Sábado;15:10:00;SP;116;146.0;SAO JOSE DOS CAMPOS;Outras;Colisão lateral;Com Vítimas Feridas;Pleno dia;Decrescente;Sol;Dupla;Reta;Urbano;2;2
445600;2008-11-03;Segunda;08:10:00;SP;116;140.5;SAO JOSE DOS CAMPOS;Não guardar distância de segurança;Colisão traseira;Sem Vítimas;Pleno dia;Crescente;Nublado;Dupla;Reta;Urbano;2;2
445627;2008-10-31;Sexta;06:40:00;SP;116;216.0;GUARULHOS;Outras;Colisão traseira;Sem Vítimas;Amanhecer;Crescente;Chuva;Simples;Curva;Urbano;2;2
445712;2008-10-31;Sexta;14:20:00;SP;116;228.5;SAO PAULO;Outras;Incêndio;Sem Vítimas;Pleno dia;Crescente;Ceu Claro;Múltipla;Reta;Urbano;1;1
445768;2008-10-31;Sexta;18:40:00;SP;116;221.0;GUARULHOS;Falta de atenção;Colisão lateral;Sem Vítimas;Pleno dia;Crescente;Ceu Claro;Múltipla;Reta;Urbano;2;2
445849;2008-11-03;Segunda;17:20:00;SP;116;117.9;TAUBATE;Outras;Colisão com objeto fixo;Sem Vítimas;Pleno dia;Decrescente;Sol;Dupla;Reta;Rural;1;1
445854;2008-10-29;Quarta;11:30:00;SP;116;223.0;GUARULHOS;Outras;Saída de Pista;Sem Vítimas;Pleno dia;Decrescente;Sol;Dupla;Curva;Urbano;1;1
445924;2008-11-01;Sábado;08:45:00;SP;116;218.8;GUARULHOS;Falta de atenção;Colisão lateral;Sem Vítimas;Pleno dia;Crescente;Nublado;Múltipla;Reta;Urbano;2;2
445929;2008-11-01;Sábado;17:10:00;SP;116;219.4;GUARULHOS;Falta de atenção;Colisão traseira;Sem Vítimas;Pleno dia;Decrescente;Sol;Múltipla;Reta;Urbano;2;2
445993;2008-10-31;Sexta;15:00:00;SP;116;199.5;ARUJA;Falta de atenção;Colisão traseira;Sem Vítimas;Pleno dia;Crescente;Sol;Múltipla;Reta;Urbano;2;2
446053;2008-11-03;Segunda;06:40:00;SP;116;228.8;SAO PAULO;Falta de atenção;Colisão traseira;Com Vítimas Feridas;Pleno dia;Crescente;Nublado;Múltipla;Reta;Urbano;2;2
446111;2008-10-31;Sexta;23:30:00;SP;116;111.5;TAUBATE;Animais na Pista;Atropelamento de animal;Sem Vítimas;Plena noite;Crescente;Nublado;Dupla;Reta;Urbano;1;1
446120;2008-11-01;Sábado;05:15:00;SP;116;137.5;SAO JOSE DOS CAMPOS;Falta de atenção;Colisão traseira;Sem Vítimas;Amanhecer;Decrescente;Nublado;Dupla;Reta;Rural;2;2
446129;2008-11-03;Segunda;07:20:00;SP;116;227.0;SAO PAULO;Falta de atenção;Queda de motocicleta / bicicleta / veículo;Com Vítimas Feridas;Pleno dia;Crescente;Ceu Claro;Múltipla;Reta;Urbano;2;1
446133;2008-11-04;Terça;07:15:00;SP;116;198.5;ARUJA;Outras;Colisão lateral;Sem Vítimas;Pleno dia;Crescente;Ceu Claro;Dupla;Reta;Urbano;2;2
446162;2008-11-03;Segunda;18:00:00;SP;116;154.0;SAO JOSE DOS CAMPOS;Outras;Colisão traseira;Sem Vítimas;Pleno dia;Decrescente;Sol;Dupla;Reta;Urbano;2;2
446182;2008-11-02;Domingo;21:15:00;SP;116;177.0;GUARAREMA;Outras;Saída de Pista;Com Vítimas Feridas;Plena noite;Decrescente;Chuva;Dupla;Reta;Rural;4;1
446207;2008-11-03;Segunda;05:45:00;SP;116;185.3;SANTA ISABEL;Outras;Tombamento;Sem Vítimas;Amanhecer;Decrescente;Nublado;Dupla;Reta;Rural;1;1
446242;2008-10-31;Sexta;19:55:00;SP;116;152.9;SAO JOSE DOS CAMPOS;Falta de atenção;Colisão traseira;Sem Vítimas;Anoitecer;Crescente;Ceu Claro;Dupla;Reta;Urbano;2;2
446256;2008-11-04;Terça;10:00:00;SP;116;218.6;GUARULHOS;Outras;Colisão traseira;Sem Vítimas;Pleno dia;Crescente;Sol;Múltipla;Reta;Urbano;2;2
446260;2008-11-04;Terça;14:30:00;SP;116;221.0;GUARULHOS;Outras;Colisão traseira;Com Vítimas Feridas;Pleno dia;Decrescente;Sol;Múltipla;Reta;Urbano;2;2
446269;2008-10-31;Sexta;21:25:00;SP;116;144.0;SAO JOSE DOS CAMPOS;Não guardar distância de segurança;Colisão traseira;Com Vítimas Feridas;Plena noite;Crescente;Ceu Claro;Dupla;Reta;Urbano;2;2
446270;2008-11-01;Sábado;13:00:00;SP;116;217.0;GUARULHOS;Falta de atenção;Colisão lateral;Sem Vítimas;Pleno dia;Crescente;Ceu Claro;Múltipla;Reta;Urbano;2;2
446288;2008-11-04;Terça;13:00:00;SP;116;218.6;GUARULHOS;Outras;Colisão traseira;Sem Vítimas;Pleno dia;Decrescente;Sol;Múltipla;Reta;Urbano;2;2
446290;2008-11-02;Domingo;22:30:00;SP;116;214.0;GUARULHOS;Falta de atenção;Atropelamento de pessoa;Com Vítimas Fatais;Plena noite;Decrescente;Nublado;Múltipla;Reta;Urbano;2;1
446297;2008-11-04;Terça;17:15:00;SP;116;144.0;SAO JOSE DOS CAMPOS;Não guardar distância de segurança;Colisão traseira;Com Vítimas Feridas;Pleno dia;Crescente;Sol;Dupla;Reta;Urbano;3;2
446377;2008-11-04;Terça;22:20:00;SP;116;221.0;GUARULHOS;Outras;Colisão traseira;Sem Vítimas;Plena noite;Decrescente;Ceu Claro;Dupla;Reta;Urbano;2;2
446388;2008-11-03;Segunda;21:35:00;SP;116;146.0;SAO JOSE DOS CAMPOS;Defeito mecânico em veículo;Colisão com objeto móvel;Com Vítimas Feridas;Plena noite;Crescente;Ceu Claro;Dupla;Reta;Urbano;4;4
446415;2008-11-01;Sábado;20:50:00;SP;116;112.2;TAUBATE;Outras;Colisão traseira;Com Vítimas Feridas;Plena noite;Decrescente;Ceu Claro;Dupla;Reta;Urbano;2;2
446446;2008-10-27;Segunda;08:15:00;SP;116;219.0;GUARULHOS;Não guardar distância de segurança;Colisão lateral;Com Vítimas Feridas;Pleno dia;Crescente;Nublado;Múltipla;Reta;Urbano;2;2
446494;2008-11-02;Domingo;03:00:00;SP;116;158.0;JACAREI;Outras;Colisão traseira;Sem Vítimas;Plena noite;Crescente;Ceu Claro;Simples;Reta;Rural;2;2
446509;2008-11-01;Sábado;20:51:00;SP;116;112.0;TAUBATE;Outras;Colisão com objeto fixo;Com Vítimas Feridas;Plena noite;Decrescente;Ceu Claro;Dupla;Reta;Urbano;2;2
446659;2008-11-05;Quarta;18:45:00;SP;116;154.0;SAO JOSE DOS CAMPOS;Velocidade incompatível;Danos Eventuais;Com Vítimas Feridas;Anoitecer;Crescente;Chuva;Dupla;Reta;Urbano;1;1
446665;2008-11-01;Sábado;18:25:00;SP;116;137.3;SAO JOSE DOS CAMPOS;Outras;Colisão com bicicleta;Com Vítimas Feridas;Anoitecer;Decrescente;Ceu Claro;Dupla;Reta;Rural;2;2
446673;2008-11-05;Quarta;04:15:00;SP;116;164.2;JACAREI;Outras;Colisão traseira;Com Vítimas Feridas;Plena noite;Crescente;Nublado;Dupla;Reta;Urbano;4;4
446683;2008-11-05;Quarta;19:20:00;SP;116;145.0;SAO JOSE DOS CAMPOS;Outras;Colisão lateral;Com Vítimas Feridas;Anoitecer;Crescente;Nublado;Dupla;Reta;Urbano;2;2
446722;2008-11-04;Terça;06:40:00;SP;116;221.0;GUARULHOS;Defeito mecânico em veículo;Colisão traseira;Sem Vítimas;Amanhecer;Crescente;Ceu Claro;Dupla;Reta;Urbano;3;3
446735;2008-11-01;Sábado;11:20:00;SP;116;227.0;GUARULHOS;Falta de atenção;Colisão lateral;Sem Vítimas;Pleno dia;Crescente;Ceu Claro;Múltipla;Reta;Urbano;3;3
446736;2008-11-05;Quarta;07:49:00;SP;116;107.9;TAUBATE;Outras;Colisão traseira;Com Vítimas Feridas;Pleno dia;Decrescente;Ceu Claro;Dupla;Reta;Urbano;2;2
446750;2008-11-02;Domingo;20:20:00;SP;116;220.0;GUARULHOS;Falta de atenção;Colisão traseira;Sem Vítimas;Plena noite;Crescente;Chuva;Múltipla;Reta;Urbano;3;3
446751;2008-11-05;Quarta;18:45:00;SP;116;108.2;TAUBATE;Outras;Capotamento;Sem Vítimas;Anoitecer;Decrescente;Nublado;Dupla;Reta;Urbano;2;2
446849;2008-11-04;Terça;10:10:00;SP;116;122.0;CACAPAVA;Outras;Atropelamento de pessoa;Com Vítimas Feridas;Pleno dia;Crescente;Nublado;Dupla;Reta;Rural;2;1
446917;2008-11-06;Quinta;11:30:00;SP;116;210.0;GUARULHOS;Falta de atenção;Colisão Transversal;Sem Vítimas;Pleno dia;Decrescente;Chuva;Múltipla;Cruzamento;Urbano;2;2
447046;2008-11-06;Quinta;16:40:00;SP;116;135.0;SAO JOSE DOS CAMPOS;Não guardar distância de segurança;Colisão traseira;Sem Vítimas;Pleno dia;Crescente;Nublado;Dupla;Reta;Urbano;4;4
447096;2008-11-05;Quarta;22:40:00;SP;116;181.0;GUARAREMA;Falta de atenção;Colisão lateral;Sem Vítimas;Plena noite;Crescente;Ceu Claro;Dupla;Reta;Urbano;2;2
447117;2008-11-03;Segunda;17:00:00;SP;116;156.0;SAO JOSE DOS CAMPOS;Outras;Colisão traseira;Sem Vítimas;Pleno dia;Crescente;Ceu Claro;Dupla;Reta;Urbano;2;2
447185;2008-11-07;Sexta;02:20:00;SP;116;221.0;GUARULHOS;Falta de atenção;Colisão lateral;Sem Vítimas;Plena noite;Decrescente;Nublado;Múltipla;Reta;Urbano;2;2
447246;2008-11-07;Sexta;02:00:00;SP;116;159.0;JACAREI;Falta de atenção;Colisão traseira;Sem Vítimas;Plena noite;Crescente;Nublado;Dupla;Reta;Urbano;2;2
447287;2008-11-03;Segunda;17:30:00;SP;116;155.0;SAO JOSE DOS CAMPOS;Outras;Colisão lateral;Com Vítimas Feridas;Pleno dia;Crescente;Ceu Claro;Dupla;Reta;Urbano;2;2
447485;2008-11-06;Quinta;15:30:00;SP;116;212.5;GUARULHOS;Outras;Queda de motocicleta / bicicleta / veículo;Com Vítimas Feridas;Pleno dia;Crescente;Chuva;Múltipla;Reta;Urbano;2;2
447563;2008-11-03;Segunda;18:18:00;SP;116;126.9;CACAPAVA;Não guardar distância de segurança;Colisão traseira;Sem Vítimas;Pleno dia;Decrescente;Ceu Claro;Dupla;Reta;Urbano;2;2
447655;2008-11-08;Sábado;05:40:00;SP;116;128.0;CACAPAVA;Animais na Pista;Atropelamento de animal;Sem Vítimas;Amanhecer;Decrescente;Nublado;Dupla;Reta;Urbano;1;1
447706;2008-11-07;Sexta;08:20:00;SP;116;144.0;SAO JOSE DOS CAMPOS;Falta de atenção;Atropelamento de pessoa;Com Vítimas Feridas;Pleno dia;Decrescente;Nublado;Dupla;Reta;Urbano;2;1
447717;2008-11-08;Sábado;08:10:00;SP;116;138.0;SAO JOSE DOS CAMPOS;Outras;Saída de Pista;Com Vítimas Feridas;Pleno dia;Decrescente;Ceu Claro;Dupla;Reta;Urbano;2;1
447754;2008-11-08;Sábado;09:00:00;SP;116;217.0;GUARULHOS;Outras;Colisão lateral;Sem Vítimas;Amanhecer;Crescente;Ceu Claro;Múltipla;Reta;Urbano;2;2
447850;2008-11-08;Sábado;16:30:00;SP;116;220.0;GUARULHOS;Outras;Colisão lateral;Sem Vítimas;Pleno dia;Decrescente;Nublado;Múltipla;Reta;Urbano;2;2
447863;2008-11-07;Sexta;08:55:00;SP;116;145.4;SAO JOSE DOS CAMPOS;Falta de atenção;Colisão traseira;Sem Vítimas;Pleno dia;Crescente;Nublado;Dupla;Reta;Urbano;2;2
447903;2008-11-05;Quarta;17:30:00;SP;116;219.0;GUARULHOS;Falta de atenção;Colisão traseira;Sem Vítimas;Pleno dia;Decrescente;Ceu Claro;Múltipla;Reta;Urbano;2;2
447941;2008-11-08;Sábado;19:40:00;SP;116;112.5;TAUBATE;Outras;Queda de motocicleta / bicicleta / veículo;Com Vítimas Feridas;Plena noite;Crescente;Chuva;Dupla;Reta;Urbano;2;1
448084;2008-11-09;Domingo;06:30:00;SP;116;190.4;SANTA ISABEL;Dormindo;Saída de Pista;Sem Vítimas;Pleno dia;Decrescente;Nevoeiro/neblina;Dupla;Reta;Rural;1;1
448095;2008-11-09;Domingo;01:50:00;SP;116;180.0;GUARAREMA;Outras;Colisão lateral;Sem Vítimas;Plena noite;Decrescente;Ceu Claro;Dupla;Reta;Urbano;2;2
448205;2008-11-03;Segunda;16:40:00;SP;116;165.0;SAO JOSE DOS CAMPOS;Outras;Colisão lateral;Sem Vítimas;Pleno dia;Crescente;Ceu Claro;Múltipla;Reta;Rural;2;2
448219;2008-11-09;Domingo;18:43:00;SP;116;198.0;ARUJA;Falta de atenção;Colisão traseira;Sem Vítimas;Anoitecer;Crescente;Ceu Claro;Múltipla;Reta;Urbano;2;2
448244;2008-11-09;Domingo;14:40:00;SP;116;100.3;PINDAMONHANGABA;Não guardar distância de segurança;Colisão traseira;Sem Vítimas;Pleno dia;Decrescente;Ceu Claro;Dupla;Reta;Rural;3;3
448254;2008-11-07;Sexta;17:00:00;SP;116;221.0;GUARULHOS;Falta de atenção;Colisão traseira;Sem Vítimas;Pleno dia;Decrescente;Ceu Claro;Simples;Reta;Urbano;2;2
448276;2008-11-08;Sábado;23:15:00;SP;116;222.0;GUARULHOS;Outras;Colisão traseira;Sem Vítimas;Plena noite;Decrescente;Nublado;Dupla;Reta;Urbano;2;2
448291;2008-11-05;Quarta;11:00:00;SP;116;218.0;GUARULHOS;Defeito mecânico em veículo;Queda de motocicleta / bicicleta / veículo;Com Vítimas Feridas;Pleno dia;Crescente;Ceu Claro;Múltipla;Reta;Urbano;2;1
448321;2008-11-09;Domingo;22:20:00;SP;116;141.0;SAO JOSE DOS CAMPOS;Outras;Colisão traseira;Sem Vítimas;Plena noite;Decrescente;Ceu Claro;Dupla;Reta;Urbano;2;2
448563;2008-11-09;Domingo;04:00:00;SP;116;152.0;SAO JOSE DOS CAMPOS;Falta de atenção;Colisão traseira;Com Vítimas Feridas;Plena noite;Crescente;Nublado;Dupla;Reta;Urbano;4;3
448572;2008-11-09;Domingo;18:14:00;SP;116;203.0;ARUJA;Falta de atenção;Colisão traseira;Sem Vítimas;Pleno dia;Crescente;Ceu Claro;Múltipla;Reta;Urbano;3;3
448576;2008-11-05;Quarta;09:30:00;SP;116;223.0;GUARULHOS;Falta de atenção;Colisão traseira;Sem Vítimas;Pleno dia;Crescente;Ceu Claro;Múltipla;Reta;Urbano;2;2
448661;2008-11-07;Sexta;18:30:00;SP;116;219.0;GUARULHOS;Falta de atenção;Colisão traseira;Sem Vítimas;Anoitecer;Crescente;Nublado;Múltipla;Reta;Urbano;2;2
448713;2008-11-10;Segunda;17:30:00;SP;116;139.5;SAO JOSE DOS CAMPOS;Outras;Saída de Pista;Sem Vítimas;Pleno dia;Decrescente;Chuva;Dupla;Reta;Urbano;1;1
448783;2008-11-10;Segunda;17:45:00;SP;116;180.0;GUARAREMA;Outras;Tombamento;Sem Vítimas;Pleno dia;Crescente;Chuva;Dupla;Reta;Rural;1;1
448799;2008-11-10;Segunda;17:10:00;SP;116;143.1;SAO JOSE DOS CAMPOS;Outras;Colisão traseira;Sem Vítimas;Pleno dia;Crescente;Chuva;Dupla;Reta;Urbano;2;2
448801;2008-11-10;Segunda;18:10:00;SP;116;186.1;SANTA ISABEL;Outras;Tombamento;Sem Vítimas;Pleno dia;Crescente;Chuva;Dupla;Reta;Rural;1;1
448844;2008-11-10;Segunda;19:25:00;SP;116;187.0;SANTA ISABEL;Velocidade incompatível;Colisão lateral;Sem Vítimas;Plena noite;Crescente;Chuva;Dupla;Reta;Rural;3;3
448847;2008-11-10;Segunda;19:15:00;SP;116;167.0;JACAREI;Defeito mecânico em veículo;Colisão traseira;Sem Vítimas;Anoitecer;Crescente;Chuva;Dupla;Curva;Rural;2;2
448850;2008-11-10;Segunda;19:35:00;SP;116;187.0;SANTA ISABEL;Velocidade incompatível;Danos Eventuais;Sem Vítimas;Plena noite;Crescente;Chuva;Dupla;Reta;Rural;1;1
448852;2008-11-10;Segunda;22:40:00;SP;116;152.0;SAO JOSE DOS CAMPOS;Outras;Colisão lateral;Sem Vítimas;Plena noite;Decrescente;Nublado;Dupla;Reta;Urbano;2;2
448864;2008-11-10;Segunda;19:40:00;SP;116;171.0;JACAREI;Velocidade incompatível;Saída de Pista;Sem Vítimas;Plena noite;Crescente;Chuva;Dupla;Curva;Rural;2;2
448868;2008-11-10;Segunda;20:15:00;SP;116;227.5;SAO PAULO;Outras;Atropelamento de pessoa;Com Vítimas Feridas;Plena noite;Crescente;Nublado;Múltipla;Reta;Urbano;2;1
448921;2008-11-11;Terça;05:45:00;SP;116;167.0;JACAREI;Falta de atenção;Colisão lateral;Sem Vítimas;Pleno dia;Decrescente;Ceu Claro;Dupla;Reta;Urbano;2;2
448925;2008-11-08;Sábado;22:00:00;SP;116;160.9;JACAREI;Falta de atenção;Atropelamento de pessoa;Com Vítimas Feridas;Plena noite;Decrescente;Ceu Claro;Dupla;Reta;Urbano;2;1
449126;2008-11-10;Segunda;18:30:00;SP;116;107.5;TAUBATE;Outras;Colisão lateral;Sem Vítimas;Pleno dia;Decrescente;Nublado;Dupla;Reta;Urbano;3;3
449154;2008-11-06;Quinta;09:31:00;SP;116;157.5;SAO JOSE DOS CAMPOS;Não guardar distância de segurança;Colisão traseira;Sem Vítimas;Amanhecer;Decrescente;Chuva;Dupla;Reta;Rural;2;2
449178;2008-11-08;Sábado;05:15:00;SP;116;146.6;SAO JOSE DOS CAMPOS;Outras;Atropelamento de pessoa;Com Vítimas Feridas;Amanhecer;Decrescente;Nublado;Dupla;Reta;Rural;2;1
449291;2008-11-10;Segunda;15:30:00;SP;116;146.0;SAO JOSE DOS CAMPOS;Outras;Colisão lateral;Sem Vítimas;Pleno dia;Decrescente;Chuva;Simples;Reta;Rural;2;2
449308;2008-11-08;Sábado;11:00:00;SP;116;221.5;GUARULHOS;Falta de atenção;Colisão traseira;Sem Vítimas;Pleno dia;Decrescente;Ceu Claro;Múltipla;Reta;Urbano;3;3
449315;2008-11-02;Domingo;23:50:00;SP;116;169.0;JACAREI;Outras;Colisão com objeto fixo;Sem Vítimas;Plena noite;Crescente;Chuva;Dupla;Reta;Urbano;1;1
449325;2008-10-28;Terça;19:15:00;SP;116;167.0;JACAREI;Falta de atenção;Colisão traseira;Sem Vítimas;Plena noite;Decrescente;Nublado;Dupla;Reta;Urbano;2;2
449369;2008-11-10;Segunda;17:20:00;SP;116;147.5;SAO JOSE DOS CAMPOS;Falta de atenção;Colisão traseira;Sem Vítimas;Pleno dia;Decrescente;Chuva;Simples;Reta;Rural;5;5
449395;2008-11-07;Sexta;15:25:00;SP;116;222.7;GUARULHOS;Outras;Queda de motocicleta / bicicleta / veículo;Com Vítimas Feridas;Pleno dia;Crescente;Ceu Claro;Múltipla;Reta;Urbano;1;1
449670;2008-11-12;Quarta;17:35:00;SP;116;119.0;TAUBATE;Defeito mecânico em veículo;Colisão com objeto móvel;Sem Vítimas;Pleno dia;Decrescente;Chuva;Dupla;Reta;Urbano;2;2
449700;2008-11-12;Quarta;17:40:00;SP;116;221.0;GUARULHOS;Falta de atenção;Atropelamento de pessoa;Com Vítimas Feridas;Pleno dia;Decrescente;Nublado;Múltipla;Reta;Urbano;2;1
449882;2008-11-12;Quarta;13:30:00;SP;116;156.4;SAO JOSE DOS CAMPOS;Não guardar distância de segurança;Colisão traseira;Sem Vítimas;Pleno dia;Decrescente;Nublado;Dupla;Reta;Urbano;2;2
449907;2008-11-12;Quarta;15:40:00;SP;116;145.6;SAO JOSE DOS CAMPOS;Não guardar distância de segurança;Colisão traseira;Sem Vítimas;Pleno dia;Crescente;Nublado;Dupla;Reta;Urbano;2;2
450102;2008-11-10;Segunda;06:30:00;SP;116;190.0;SANTA ISABEL;Outras;Colisão lateral;Sem Vítimas;Plena noite;Decrescente;Ceu Claro;Dupla;Curva;Rural;2;2
450167;2008-11-10;Segunda;06:30:00;SP;116;221.0;GUARULHOS;Falta de atenção;Colisão lateral;Com Vítimas Feridas;Pleno dia;Crescente;Ceu Claro;Múltipla;Reta;Urbano;3;2
450170;2008-11-10;Segunda;10:30:00;SP;116;222.0;GUARULHOS;Falta de atenção;Colisão com objeto fixo;Com Vítimas Feridas;Pleno dia;Decrescente;Ceu Claro;Múltipla;Reta;Urbano;1;1
450201;2008-11-08;Sábado;06:10:00;SP;116;101.0;PINDAMONHANGABA;Outras;Colisão traseira;Com Vítimas Feridas;Pleno dia;Crescente;Ceu Claro;Dupla;Reta;Rural;4;2
450202;2008-11-08;Sábado;02:00:00;SP;116;219.0;GUARULHOS;Defeito mecânico em veículo;Incêndio;Sem Vítimas;Plena noite;Crescente;Nublado;Múltipla;Reta;Urbano;1;1
450203;2008-11-08;Sábado;01:00:00;SP;116;218.0;GUARULHOS;Falta de atenção;Colisão traseira;Com Vítimas Feridas;Plena noite;Crescente;Ceu Claro;Múltipla;Reta;Urbano;2;2
450216;2008-11-13;Quinta;07:00:00;SP;116;221.0;GUARULHOS;Defeito mecânico em veículo;Colisão traseira;Sem Vítimas;Pleno dia;Crescente;Nublado;Múltipla;Reta;Urbano;2;2
450259;2008-11-13;Quinta;22:50:00;SP;116;210.0;GUARULHOS;Outras;Colisão lateral;Sem Vítimas;Plena noite;Crescente;Nublado;Dupla;Reta;Urbano;2;2
450306;2008-11-12;Quarta;08:40:00;SP;116;224.7;GUARULHOS;Defeito mecânico em veículo;Colisão traseira;Sem Vítimas;Pleno dia;Decrescente;Ceu Claro;Múltipla;Reta;Urbano;2;2
450315;2008-11-13;Quinta;15:10:00;SP;116;222.7;GUARULHOS;Falta de atenção;Colisão lateral;Sem Vítimas;Plena noite;Decrescente;Ceu Claro;Múltipla;Reta;Urbano;2;2
450346;2008-11-12;Quarta;10:30:00;SP;116;190.4;SANTA ISABEL;Outras;Queda de motocicleta / bicicleta / veículo;Com Vítimas Feridas;Pleno dia;Crescente;Sol;Dupla;Reta;Rural;1;1
450380;2008-11-12;Quarta;04:05:00;SP;116;164.0;JACAREI;Outras;Capotamento;Com Vítimas Fatais;Plena noite;Crescente;Ceu Claro;Dupla;Reta;Rural;1;1
450464;2008-11-14;Sexta;13:50:00;SP;116;211.9;GUARULHOS;Defeito mecânico em veículo;Colisão lateral;Sem Vítimas;Pleno dia;Decrescente;Chuva;Múltipla;Reta;Urbano;2;2
450472;2008-11-13;Quinta;18:55:00;SP;116;211.0;GUARULHOS;Falta de atenção;Atropelamento de pessoa;Com Vítimas Feridas;Plena noite;Decrescente;Ceu Claro;Múltipla;Reta;Urbano;2;1
450499;2008-11-14;Sexta;14:35:00;SP;116;222.3;GUARULHOS;Outras;Colisão traseira;Com Vítimas Feridas;Pleno dia;Decrescente;Sol;Múltipla;Reta;Urbano;4;4