id;data_inversa;dia_semana;horario;uf;br;km;municipio;causa_acidente;tipo_acidente;classificacao_acidente;fase_dia;sentido_via;condicao_metereologica;tipo_pista;tracado_via;uso_solo;pessoas;veiculos
450505;2008-11-14;Sexta;15:30:00;SP;116;116.0;TAUBATE;Outras;Colisão traseira;Sem Vítimas;Pleno dia;Decrescente;Chuva;Dupla;Reta;Urbano;2;2
450529;2008-11-14;Sexta;16:20:00;SP;116;117.0;TAUBATE;Não guardar distância de segurança;Colisão traseira;Sem Vítimas;Pleno dia;Decrescente;Sol;Dupla;Reta;Urbano;4;4
450546;2008-11-10;Segunda;20:30:00;SP;116;176.0;GUARAREMA;Falta de atenção;Colisão traseira;Com Vítimas Feridas;Plena noite;Decrescente;Chuva;Dupla;Reta;Urbano;2;2
450573;2008-11-13;Quinta;06:59:00;SP;116;144.0;SAO JOSE DOS CAMPOS;Falta de atenção;Colisão traseira;Sem Vítimas;Amanhecer;Crescente;Nublado;Dupla;Reta;Rural;3;3
450574;2008-11-14;Sexta;16:15:00;SP;116;116.3;TAUBATE;Não guardar distância de segurança;Colisão traseira;Sem Vítimas;Pleno dia;Decrescente;Nublado;Dupla;Reta;Rural;2;2
450710;2008-11-14;Sexta;21:00:00;SP;116;224.0;GUARULHOS;Outras;Colisão lateral;Sem Vítimas;Plena noite;Decrescente;Ceu Claro;Múltipla;Reta;Urbano;4;4
450715;2008-11-15;Sábado;01:00:00;SP;116;219.0;GUARULHOS;Falta de atenção;Colisão traseira;Sem Vítimas;Plena noite;Decrescente;Ceu Claro;Múltipla;Reta;Urbano;3;3
450737;2008-11-15;Sábado;02:40:00;SP;116;192.4;SANTA ISABEL;Velocidade incompatível;Colisão traseira;Sem Vítimas;Plena noite;Crescente;Nevoeiro/neblina;Dupla;Curva;Rural;2;2
450855;2008-11-14;Sexta;03:30:00;SP;116;122.4;CACAPAVA;Ingestão de álcool;Saída de Pista;Sem Vítimas;Plena noite;Crescente;Nublado;Dupla;Reta;Rural;1;1
450866;2008-11-15;Sábado;10:50:00;SP;116;121.7;CACAPAVA;Não guardar distância de segurança;Colisão traseira;Sem Vítimas;Pleno dia;Decrescente;Sol;Dupla;Reta;Rural;2;2
450881;2008-11-15;Sábado;08:00:00;SP;116;107.2;TAUBATE;Não guardar distância de segurança;Colisão traseira;Sem Vítimas;Pleno dia;Decrescente;Ceu Claro;Dupla;Reta;Urbano;6;6
450933;2008-11-11;Terça;15:00:00;SP;116;174.0;JACAREI;Outras;Colisão lateral;Sem Vítimas;Pleno dia;Crescente;Ceu Claro;Dupla;Reta;Rural;2;2
450977;2008-11-14;Sexta;16:16:00;SP;116;117.3;TAUBATE;Outras;Colisão traseira;Sem Vítimas;Pleno dia;Decrescente;Chuva;Dupla;Reta;Rural;2;2
450984;2008-11-15;Sábado;01:50:00;SP;116;165.0;JACAREI;Falta de atenção;Colisão com objeto fixo;Sem Vítimas;Plena noite;Decrescente;Ceu Claro;Múltipla;Reta;Rural;1;1
451060;2008-11-06;Quinta;22:00:00;SP;116;109.8;TAUBATE;Outras;Queda de motocicleta / bicicleta / veículo;Com Vítimas Feridas;Plena noite;Crescente;Chuva;Dupla;Reta;Urbano;1;1
451078;2008-11-14;Sexta;16:30:00;SP;116;227.0;SAO PAULO;Outras;Colisão lateral;Sem Vítimas;Pleno dia;Decrescente;Ceu Claro;Múltipla;Reta;Urbano;2;2
451180;2008-11-13;Quinta;21:45:00;SP;116;229.3;SAO PAULO;Outras;Colisão lateral;Sem Vítimas;Plena noite;Decrescente;Ceu Claro;Múltipla;Reta;Urbano;2;2
451194;2008-11-11;Terça;16:50:00;SP;116;114.9;TAUBATE;Falta de atenção;Colisão lateral;Com Vítimas Feridas;Pleno dia;Crescente;Nublado;Dupla;Reta;Urbano;2;2
451228;2008-11-16;Domingo;05:00:00;SP;116;229.5;SAO PAULO;Falta de atenção;Colisão traseira;Com Vítimas Feridas;Plena noite;Crescente;Ceu Claro;Múltipla;Reta;Urbano;11;2
451274;2008-11-16;Domingo;11:30:00;SP;116;116.0;TAUBATE;Ingestão de álcool;Capotamento;Com Vítimas Feridas;Pleno dia;Crescente;Ceu Claro;Dupla;Reta;Urbano;2;1
451308;2008-11-16;Domingo;18:10:00;SP;116;198.0;ARUJA;Ultrapassagem indevida;Colisão traseira;Sem Vítimas;Pleno dia;Crescente;Sol;Dupla;Reta;Urbano;2;2
451332;2008-11-14;Sexta;10:20:00;SP;116;145.0;SAO JOSE DOS CAMPOS;Falta de atenção;Colisão lateral;Sem Vítimas;Plena noite;Crescente;Sol;Dupla;Reta;Urbano;2;2
451524;2008-11-16;Domingo;16:30:00;SP;116;206.0;GUARULHOS;Falta de atenção;Colisão traseira;Com Vítimas Feridas;Pleno dia;Crescente;Ceu Claro;Dupla;Reta;Urbano;3;2
451538;2008-11-11;Terça;10:10:00;SP;116;222.6;GUARULHOS;Falta de atenção;Colisão lateral;Sem Vítimas;Pleno dia;Crescente;Nublado;Múltipla;Reta;Urbano;2;2
451562;2008-11-15;Sábado;12:30:00;SP;116;200.0;ARUJA;Falta de atenção;Colisão com objeto fixo;Com Vítimas Feridas;Pleno dia;Decrescente;Sol;Dupla;Reta;Urbano;2;1
451618;2008-11-17;Segunda;12:20:00;SP;116;134.7;SAO JOSE DOS CAMPOS;Falta de atenção;Colisão frontal;Sem Vítimas;Pleno dia;Crescente;Chuva;Dupla;Reta;Urbano;2;2
451624;2008-11-11;Terça;08:50:00;SP;116;220.0;GUARULHOS;Falta de atenção;Colisão traseira;Com Vítimas Feridas;Pleno dia;Crescente;Nublado;Múltipla;Reta;Urbano;2;2
451649;2008-11-14;Sexta;21:55:00;SP;116;139.0;SAO JOSE DOS CAMPOS;Falta de atenção;Colisão traseira;Sem Vítimas;Plena noite;Crescente;Ceu Claro;Dupla;Reta;Urbano;2;2
451698;2008-11-17;Segunda;15:34:00;SP;116;104.8;TAUBATE;Outras;Colisão com objeto fixo;Sem Vítimas;Pleno dia;Decrescente;Chuva;Dupla;Reta;Urbano;2;2
451714;2008-11-15;Sábado;22:00:00;SP;116;208.0;GUARULHOS;Outras;Colisão com objeto fixo;Com Vítimas Feridas;Plena noite;Crescente;Ceu Claro;Múltipla;Reta;Urbano;1;1
451740;2008-11-15;Sábado;11:30:00;SP;116;216.0;GUARULHOS;Falta de atenção;Colisão com objeto fixo;Sem Vítimas;Pleno dia;Crescente;Sol;Múltipla;Reta;Urbano;1;1
451771;2008-11-15;Sábado;06:45:00;SP;116;215.0;GUARULHOS;Falta de atenção;Capotamento;Sem Vítimas;Amanhecer;Decrescente;Ceu Claro;Múltipla;Reta;Urbano;1;1
451780;2008-11-14;Sexta;23:45:00;SP;116;210.0;GUARULHOS;Outras;Colisão lateral;Sem Vítimas;Plena noite;Decrescente;Ceu Claro;Múltipla;Reta;Urbano;2;2
451964;2008-11-16;Domingo;16:40:00;SP;116;155.7;SAO JOSE DOS CAMPOS;Falta de atenção;Colisão traseira;Sem Vítimas;Pleno dia;Crescente;Ceu Claro;Dupla;Reta;Rural;3;3
452006;2008-11-17;Segunda;08:05:00;SP;116;146.2;SAO JOSE DOS CAMPOS;Outras;Colisão lateral;Sem Vítimas;Pleno dia;Crescente;Nublado;Dupla;Reta;Urbano;2;2
452042;2008-11-16;Domingo;18:50:00;SP;116;211.0;GUARULHOS;Outras;Queda de motocicleta / bicicleta / veículo;Com Vítimas Feridas;Pleno dia;Crescente;Ceu Claro;Dupla;Reta;Urbano;2;1
452174;2008-11-17;Segunda;17:00:00;SP;116;145.0;SAO JOSE DOS CAMPOS;Outras;Colisão traseira;Sem Vítimas;Pleno dia;Crescente;Chuva;Dupla;Reta;Urbano;2;2
452323;2008-11-17;Segunda;06:40:00;SP;116;229.0;SAO PAULO;Falta de atenção;Colisão traseira;Sem Vítimas;Amanhecer;Crescente;Nublado;Múltipla;Reta;Urbano;2;2
452326;2008-11-18;Terça;17:50:00;SP;116;142.3;SAO JOSE DOS CAMPOS;Outras;Colisão frontal;Com Vítimas Feridas;Pleno dia;Decrescente;Ceu Claro;Dupla;Reta;Urbano;3;2
452328;2008-11-17;Segunda;07:00:00;SP;116;227.0;GUARULHOS;Outras;Colisão traseira;Com Vítimas Feridas;Pleno dia;Crescente;Ceu Claro;Múltipla;Reta;Urbano;4;3
452339;2008-11-17;Segunda;14:22:00;SP;116;222.0;GUARULHOS;Falta de atenção;Queda de motocicleta / bicicleta / veículo;Com Vítimas Feridas;Pleno dia;Crescente;Chuva;Dupla;Reta;Urbano;1;1
452425;2008-11-18;Terça;13:30:00;SP;116;211.0;GUARULHOS;Outras;Colisão lateral;Sem Vítimas;Pleno dia;Decrescente;Sol;Múltipla;Reta;Urbano;2;2
452432;2008-11-19;Quarta;08:30:00;SP;116;212.0;GUARULHOS;Outras;Colisão com objeto fixo;Sem Vítimas;Pleno dia;Decrescente;Ceu Claro;Múltipla;Reta;Urbano;1;1
452445;2008-11-15;Sábado;07:29:00;SP;116;103.9;TAUBATE;Não guardar distância de segurança;Colisão traseira;Sem Vítimas;Pleno dia;Decrescente;Nevoeiro/neblina;Dupla;Reta;Rural;4;4
452454;2008-11-15;Sábado;09:30:00;SP;116;108.2;TAUBATE;Não guardar distância de segurança;Colisão traseira;Sem Vítimas;Pleno dia;Decrescente;Ceu Claro;Dupla;Reta;Urbano;3;3
452497;2008-11-15;Sábado;08:00:00;SP;116;109.0;TAUBATE;Não guardar distância de segurança;Colisão traseira;Sem Vítimas;Pleno dia;Decrescente;Ceu Claro;Dupla;Reta;Urbano;4;4
452649;2008-11-15;Sábado;20:52:00;SP;116;137.6;SAO JOSE DOS CAMPOS;Outras;Colisão com objeto fixo;Com Vítimas Fatais;Plena noite;Decrescente;Ceu Claro;Dupla;Reta;Rural;1;1
452692;2008-11-19;Quarta;17:30:00;SP;116;219.0;GUARULHOS;Falta de atenção;Colisão traseira;Sem Vítimas;Pleno dia;Crescente;Sol;Simples;Curva;Urbano;3;3
452840;2008-11-20;Quinta;08:30:00;SP;116;169.0;JACAREI;Outras;Colisão traseira;Sem Vítimas;Pleno dia;Decrescente;Ceu Claro;Dupla;Reta;Rural;2;2
452843;2008-11-16;Domingo;16:30:00;SP;116;222.0;GUARULHOS;Outras;Colisão lateral;Com Vítimas Feridas;Pleno dia;Decrescente;Ceu Claro;Múltipla;Reta;Urbano;3;2
452847;2008-11-19;Quarta;14:50:00;SP;116;210.5;GUARULHOS;Outras;Colisão traseira;Sem Vítimas;Pleno dia;Decrescente;Nublado;Múltipla;Reta;Urbano;3;3
452886;2008-11-18;Terça;15:15:00;SP;116;174.0;GUARAREMA;Outras;Colisão com objeto fixo;Sem Vítimas;Pleno dia;Decrescente;Nublado;Dupla;Reta;Rural;1;1
452908;2008-11-15;Sábado;03:30:00;SP;116;177.0;GUARAREMA;Outras;Colisão traseira;Sem Vítimas;Plena noite;Crescente;Ceu Claro;Dupla;Reta;Urbano;2;2
452918;2008-11-18;Terça;20:50:00;SP;116;205.0;GUARULHOS;Outras;Colisão traseira;Com Vítimas Feridas;Plena noite;Crescente;Chuva;Dupla;Reta;Urbano;5;2
452930;2008-11-19;Quarta;17:50:00;SP;116;228.0;SAO PAULO;Falta de atenção;Colisão traseira;Com Vítimas Feridas;Pleno dia;Decrescente;Ceu Claro;Múltipla;Reta;Urbano;2;2
453019;2008-11-19;Quarta;17:30:00;SP;116;165.0;JACAREI;Outras;Colisão com objeto fixo;Sem Vítimas;Pleno dia;Crescente;Ceu Claro;Múltipla;Reta;Rural;1;1
453042;2008-11-17;Segunda;12:30:00;SP;116;147.4;SAO JOSE DOS CAMPOS;Outras;Colisão traseira;Sem Vítimas;Pleno dia;Decrescente;Chuva;Múltipla;Reta;Rural;2;2
453056;2008-11-20;Quinta;17:25:00;SP;116;111.0;TAUBATE;Outras;Colisão lateral;Com Vítimas Feridas;Pleno dia;Decrescente;Nublado;Dupla;Reta;Urbano;2;2
453059;2008-11-17;Segunda;12:30:00;SP;116;146.0;SAO JOSE DOS CAMPOS;Outras;Colisão lateral;Sem Vítimas;Pleno dia;Decrescente;Chuva;Dupla;Reta;Rural;2;2
453077;2008-11-20;Quinta;14:30:00;SP;116;221.0;GUARULHOS;Outras;Colisão lateral;Sem Vítimas;Pleno dia;Crescente;Ceu Claro;Múltipla;Reta;Urbano;2;2
453151;2008-11-21;Sexta;04:35:00;SP;116;219.0;GUARULHOS;Outras;Colisão traseira;Sem Vítimas;Plena noite;Decrescente;Nublado;Múltipla;Reta;Urbano;2;2
453166;2008-11-21;Sexta;06:30:00;SP;116;229.1;SAO PAULO;Outras;Colisão com objeto fixo;Sem Vítimas;Amanhecer;Crescente;Ceu Claro;Múltipla;Reta;Urbano;1;1
453199;2008-11-20;Quinta;04:15:00;SP;116;104.8;TAUBATE;Dormindo;Colisão traseira;Sem Vítimas;Plena noite;Decrescente;Nublado;Dupla;Reta;Rural;2;2
453288;2008-11-21;Sexta;07:49:00;SP;116;102.8;PINDAMONHANGABA;Falta de atenção;Colisão traseira;Sem Vítimas;Pleno dia;Crescente;Ceu Claro;Dupla;Reta;Urbano;2;2
453309;2008-11-20;Quinta;06:50:00;SP;116;158.0;JACAREI;Não guardar distância de segurança;Colisão traseira;Sem Vítimas;Pleno dia;Decrescente;Ceu Claro;Dupla;Reta;Urbano;4;4
453354;2008-11-19;Quarta;06:00:00;SP;116;192.0;SANTA ISABEL;Defeito mecânico em veículo;Tombamento;Sem Vítimas;Amanhecer;Decrescente;Nublado;Dupla;Curva;Rural;1;1
453378;2008-11-20;Quinta;11:15:00;SP;116;227.2;GUARULHOS;Outras;Colisão traseira;Sem Vítimas;Pleno dia;Decrescente;Ceu Claro;Múltipla;Reta;Urbano;3;3
453391;2008-11-21;Sexta;11:30:00;SP;116;229.8;GUARULHOS;Falta de atenção;Colisão lateral;Sem Vítimas;Pleno dia;Crescente;Ceu Claro;Múltipla;Reta;Urbano;2;2
453494;2008-11-21;Sexta;21:40:00;SP;116;204.0;ARUJA;Falta de atenção;Colisão traseira;Sem Vítimas;Plena noite;Decrescente;Ceu Claro;Múltipla;Reta;Urbano;2;2
453500;2008-11-20;Quinta;01:45:00;SP;116;210.0;GUARULHOS;Falta de atenção;Colisão traseira;Com Vítimas Feridas;Plena noite;Decrescente;Ceu Claro;Múltipla;Reta;Urbano;3;2
453533;2008-11-20;Quinta;07:30:00;SP;116;147.5;SAO JOSE DOS CAMPOS;Outras;Colisão traseira;Sem Vítimas;Pleno dia;Crescente;Ceu Claro;Simples;Reta;Rural;4;4
453607;2008-11-22;Sábado;04:46:00;SP;116;99.0;PINDAMONHANGABA;Falta de atenção;Colisão com objeto fixo;Sem Vítimas;Amanhecer;Crescente;Nublado;Dupla;Reta;Rural;1;1
453630;2008-11-19;Quarta;05:00:00;SP;116;183.3;SANTA ISABEL;Outras;Colisão traseira;Com Vítimas Feridas;Plena noite;Crescente;Ceu Claro;Dupla;Reta;Rural;2;2
453807;2008-11-22;Sábado;15:35:00;SP;116;192.0;SANTA ISABEL;Outras;Colisão lateral;Sem Vítimas;Pleno dia;Crescente;Chuva;Dupla;Reta;Rural;2;2
453960;2008-11-19;Quarta;08:30:00;SP;116;220.0;GUARULHOS;Falta de atenção;Colisão traseira;Sem Vítimas;Pleno dia;Decrescente;Nublado;Múltipla;Reta;Urbano;3;3
453972;2008-11-20;Quinta;23:40:00;SP;116;126.1;CACAPAVA;Outras;Atropelamento de pessoa;Com Vítimas Fatais;Plena noite;Crescente;Ignorada;Dupla;Reta;Urbano;2;1
454014;2008-11-17;Segunda;08:00:00;SP;116;147.5;SAO JOSE DOS CAMPOS;Outras;Colisão lateral;Sem Vítimas;Pleno dia;Decrescente;Nublado;Dupla;Reta;Urbano;2;2
454029;2008-11-21;Sexta;21:45:00;SP;116;216.5;GUARULHOS;Falta de atenção;Colisão com objeto fixo;Sem Vítimas;Plena noite;Decrescente;Nublado;Múltipla;Reta;Urbano;2;2
454049;2008-11-23;Domingo;21:15:00;SP;116;215.0;GUARULHOS;Outras;Colisão com objeto móvel;Sem Vítimas;Plena noite;Decrescente;Nublado;Múltipla;Reta;Urbano;1;1
454157;2008-11-23;Domingo;09:30:00;SP;116;161.9;JACAREI;Outras;Colisão traseira;Com Vítimas Feridas;Pleno dia;Crescente;Ceu Claro;Múltipla;Reta;Urbano;4;3
454164;2008-11-21;Sexta;21:10:00;SP;116;216.0;GUARULHOS;Falta de atenção;Colisão lateral;Sem Vítimas;Plena noite;Decrescente;Nublado;Múltipla;Reta;Urbano;2;2
454194;2008-11-17;Segunda;10:50:00;SP;116;187.0;SANTA ISABEL;Outras;Colisão com objeto fixo;Com Vítimas Feridas;Pleno dia;Crescente;Chuva;Dupla;Reta;Rural;1;1
454204;2008-11-23;Domingo;17:15:00;SP;116;170.0;JACAREI;Outras;Colisão traseira;Sem Vítimas;Pleno dia;Crescente;Chuva;Dupla;Reta;Urbano;2;2
454229;2008-11-22;Sábado;21:20:00;SP;116;221.5;GUARULHOS;Falta de atenção;Queda de motocicleta / bicicleta / veículo;Com Vítimas Feridas;Plena noite;Crescente;Chuva;Múltipla;Reta;Urbano;1;1
454361;2008-11-23;Domingo;14:00:00;SP;116;191.7;SANTA ISABEL;Outras;Colisão lateral;Sem Vítimas;Pleno dia;Crescente;Sol;Dupla;Reta;Rural;2;2
454391;2008-11-20;Quinta;22:30:00;SP;116;102.1;PINDAMONHANGABA;Outras;Saída de Pista;Sem Vítimas;Plena noite;Crescente;Ceu Claro;Dupla;Reta;Rural;2;2
454411;2008-11-24;Segunda;14:45:00;SP;116;219.0;GUARULHOS;Outras;Colisão traseira;Sem Vítimas;Pleno dia;Decrescente;Chuva;Múltipla;Reta;Urbano;2;2
454417;2008-11-23;Domingo;04:30:00;SP;116;144.0;SAO JOSE DOS CAMPOS;Outras;Colisão com objeto fixo;Sem Vítimas;Plena noite;Crescente;Nublado;Dupla;Reta;Rural;1;1
454420;2008-11-24;Segunda;18:10:00;SP;116;228.5;SAO PAULO;Outras;Colisão traseira;Sem Vítimas;Pleno dia;Decrescente;Nublado;Múltipla;Reta;Urbano;2;2
454422;2008-11-24;Segunda;15:30:00;SP;116;226.4;GUARULHOS;Outras;Colisão com objeto fixo;Sem Vítimas;Pleno dia;Decrescente;Chuva;Múltipla;Reta;Urbano;1;1
454449;2008-11-21;Sexta;19:30:00;SP;116;218.5;GUARULHOS;Outras;Colisão traseira;Sem Vítimas;Plena noite;Decrescente;Ceu Claro;Múltipla;Reta;Urbano;2;2
454544;2008-11-22;Sábado;09:20:00;SP;116;144.5;SAO JOSE DOS CAMPOS;Defeito mecânico em veículo;Colisão traseira;Sem Vítimas;Pleno dia;Crescente;Nublado;Dupla;Reta;Urbano;2;2
454552;2008-11-21;Sexta;17:55:00;SP;116;204.0;ARUJA;Falta de atenção;Colisão lateral;Com Vítimas Feridas;Pleno dia;Decrescente;Ceu Claro;Dupla;Reta;Urbano;2;2
454554;2008-11-22;Sábado;16:29:00;SP;116;143.6;SAO JOSE DOS CAMPOS;Outras;Colisão traseira;Com Vítimas Feridas;Pleno dia;Crescente;Chuva;Dupla;Reta;Urbano;5;4
454567;2008-11-21;Sexta;13:30:00;SP;116;220.0;GUARULHOS;Outras;Colisão traseira;Sem Vítimas;Pleno dia;Decrescente;Ceu Claro;Múltipla;Reta;Urbano;2;2
454607;2008-11-19;Quarta;22:00:00;SP;116;145.0;SAO JOSE DOS CAMPOS;Outras;Colisão Transversal;Sem Vítimas;Plena noite;Crescente;Ceu Claro;Dupla;Reta;Urbano;4;4
454670;2008-11-24;Segunda;16:15:00;SP;116;177.0;GUARAREMA;Outras;Colisão traseira;Sem Vítimas;Pleno dia;Crescente;Chuva;Dupla;Reta;Urbano;2;2
454689;2008-11-23;Domingo;21:10:00;SP;116;144.3;SAO JOSE DOS CAMPOS;Falta de atenção;Queda de motocicleta / bicicleta / veículo;Com Vítimas Feridas;Plena noite;Crescente;Nublado;Múltipla;Reta;Urbano;2;1
454711;2008-11-22;Sábado;18:30:00;SP;116;120.0;CACAPAVA;Defeito mecânico em veículo;Capotamento;Com Vítimas Feridas;Anoitecer;Crescente;Chuva;Dupla;Reta;Urbano;5;1
454844;2008-11-21;Sexta;16:27:00;SP;116;104.5;TAUBATE;Falta de atenção;Colisão traseira;Sem Vítimas;Pleno dia;Crescente;Nevoeiro/neblina;Múltipla;Reta;Urbano;2;2
454874;2008-11-25;Terça;10:30:00;SP;116;145.0;SAO JOSE DOS CAMPOS;Outras;Colisão lateral;Sem Vítimas;Pleno dia;Decrescente;Sol;Dupla;Reta;Urbano;2;2
454882;2008-11-21;Sexta;05:50:00;SP;116;99.1;PINDAMONHANGABA;Outras;Tombamento;Com Vítimas Feridas;Amanhecer;Decrescente;Ceu Claro;Dupla;Reta;Rural;19;1
454884;2008-11-23;Domingo;23:30:00;SP;116;165.3;JACAREI;Ultrapassagem indevida;Colisão lateral;Sem Vítimas;Plena noite;Decrescente;Nublado;Múltipla;Reta;Urbano;2;2
454935;2008-11-17;Segunda;19:00:00;SP;116;219.0;GUARULHOS;Falta de atenção;Queda de motocicleta / bicicleta / veículo;Com Vítimas Feridas;Anoitecer;Crescente;Nublado;Múltipla;Reta;Urbano;1;1
454983;2008-11-25;Terça;22:20:00;SP;116;131.6;CACAPAVA;Outras;Colisão traseira;Com Vítimas Feridas;Plena noite;Decrescente;Ceu Claro;Dupla;Reta;Urbano;2;2
455017;2008-11-24;Segunda;22:00:00;SP;116;196.0;ARUJA;Outras;Atropelamento de pessoa;Com Vítimas Fatais;Plena noite;Decrescente;Nublado;Dupla;Reta;Urbano;2;1
455044;2008-11-23;Domingo;04:50:00;SP;116;139.1;SAO JOSE DOS CAMPOS;Outras;Colisão lateral;Sem Vítimas;Amanhecer;Crescente;Ceu Claro;Dupla;Reta;Urbano;2;2
455079;2008-11-20;Quinta;10:50:00;SP;116;165.0;JACAREI;Outras;Colisão lateral;Sem Vítimas;Pleno dia;Decrescente;Ceu Claro;Múltipla;Reta;Rural;2;2
455113;2008-11-20;Quinta;13:40:00;SP;116;160.4;JACAREI;Falta de atenção;Atropelamento de pessoa;Com Vítimas Fatais;Pleno dia;Decrescente;Ceu Claro;Dupla;Reta;Rural;4;2
455208;2008-11-25;Terça;19:45:00;SP;116;161.8;JACAREI;Outras;Colisão lateral;Sem Vítimas;Plena noite;Crescente;Chuva;Dupla;Reta;Urbano;2;2
455255;2008-11-21;Sexta;15:15:00;SP;116;211.0;GUARULHOS;Falta de atenção;Colisão lateral;Sem Vítimas;Pleno dia;Crescente;Ceu Claro;Múltipla;Reta;Urbano;2;2
455258;2008-11-24;Segunda;16:00:00;SP;116;219.0;GUARULHOS;Outras;Colisão traseira;Sem Vítimas;Pleno dia;Decrescente;Chuva;Múltipla;Reta;Urbano;3;3
455390;2008-11-25;Terça;12:40:00;SP;116;209.9;GUARULHOS;Falta de atenção;Colisão lateral;Sem Vítimas;Pleno dia;Crescente;Ceu Claro;Dupla;Cruzamento;Urbano;2;2
455417;2008-11-19;Quarta;18:35:00;SP;116;144.2;SAO JOSE DOS CAMPOS;Falta de atenção;Colisão traseira;Com Vítimas Feridas;Pleno dia;Crescente;Nublado;Dupla;Reta;Urbano;4;4
455459;2008-11-27;Quinta;07:55:00;SP;116;154.8;SAO JOSE DOS CAMPOS;Não guardar distância de segurança;Colisão traseira;Sem Vítimas;Pleno dia;Crescente;Nublado;Dupla;Reta;Urbano;2;2
455488;2008-11-20;Quinta;06:40:00;SP;116;157.0;JACAREI;Falta de atenção;Colisão traseira;Sem Vítimas;Pleno dia;Decrescente;Ceu Claro;Dupla;Reta;Urbano;3;3
455538;2008-11-23;Domingo;15:45:00;SP;116;155.0;SAO JOSE DOS CAMPOS;Outras;Queda de motocicleta / bicicleta / veículo;Com Vítimas Feridas;Pleno dia;Decrescente;Ceu Claro;Dupla;Reta;Urbano;2;1
455582;2008-11-26;Quarta;15:20:00;SP;116;145.0;SAO JOSE DOS CAMPOS;Falta de atenção;Colisão lateral;Sem Vítimas;Pleno dia;Decrescente;Chuva;Dupla;Reta;Rural;2;2
455591;2008-11-25;Terça;08:00:00;SP;116;216.5;GUARULHOS;Falta de atenção;Colisão lateral;Sem Vítimas;Pleno dia;Crescente;Nublado;Múltipla;Reta;Urbano;2;2
455678;2008-11-25;Terça;13:10:00;SP;116;226.0;GUARULHOS;Outras;Derramamento de Carga;Sem Vítimas;Pleno dia;Crescente;Sol;Múltipla;Curva;Urbano;1;1
455702;2008-11-27;Quinta;08:30:00;SP;116;159.5;JACAREI;Defeito mecânico em veículo;Colisão com objeto móvel;Sem Vítimas;Pleno dia;Decrescente;Nublado;Dupla;Reta;Urbano;2;2
455860;2008-11-27;Quinta;13:00:00;SP;116;219.0;GUARULHOS;Falta de atenção;Colisão traseira;Sem Vítimas;Pleno dia;Crescente;Nublado;Múltipla;Reta;Urbano;2;2
455931;2008-11-27;Quinta;18:22:00;SP;116;145.6;SAO JOSE DOS CAMPOS;Outras;Colisão traseira;Sem Vítimas;Pleno dia;Crescente;Nublado;Dupla;Reta;Urbano;2;2
455944;2008-11-23;Domingo;06:00:00;SP;116;130.0;CACAPAVA;Outras;Colisão com objeto fixo;Sem Vítimas;Amanhecer;Decrescente;Ceu Claro;Dupla;Reta;Urbano;1;1
455959;2008-11-26;Quarta;12:00:00;SP;116;112.3;TAUBATE;Outras;Colisão com objeto fixo;Sem Vítimas;Pleno dia;Decrescente;Sol;Dupla;Reta;Urbano;1;1
455964;2008-11-28;Sexta;09:40:00;SP;116;115.4;TAUBATE;Outras;Colisão traseira;Sem Vítimas;Pleno dia;Crescente;Nublado;Dupla;Reta;Urbano;4;4
455978;2008-11-23;Domingo;03:30:00;SP;116;141.9;SAO JOSE DOS CAMPOS;Outras;Colisão com objeto fixo;Sem Vítimas;Plena noite;Crescente;Nublado;Dupla;Reta;Urbano;1;1
456004;2008-11-26;Quarta;08:00:00;SP;116;119.5;CACAPAVA;Outras;Colisão traseira;Sem Vítimas;Pleno dia;Crescente;Ceu Claro;Dupla;Reta;Urbano;2;2
456039;2008-11-26;Quarta;23:10:00;SP;116;130.0;CACAPAVA;Outras;Colisão com objeto fixo;Sem Vítimas;Plena noite;Crescente;Chuva;Dupla;Reta;Urbano;1;1
456051;2008-11-28;Sexta;05:05:00;SP;116;210.3;GUARULHOS;Falta de atenção;Saída de Pista;Sem Vítimas;Plena noite;Decrescente;Ceu Claro;Múltipla;Reta;Urbano;1;1
456083;2008-11-24;Segunda;16:30:00;SP;116;213.0;GUARULHOS;Outras;Colisão traseira;Sem Vítimas;Pleno dia;Decrescente;Chuva;Múltipla;Reta;Urbano;2;2
456087;2008-11-27;Quinta;15:00:00;SP;116;191.0;SANTA ISABEL;Outras;Colisão com objeto fixo;Com Vítimas Feridas;Pleno dia;Crescente;Chuva;Dupla;Curva;Rural;1;1
456131;2008-11-27;Quinta;04:50:00;SP;116;218.5;GUARULHOS;Outras;Colisão com objeto fixo;Sem Vítimas;Amanhecer;Crescente;Nublado;Múltipla;Reta;Urbano;1;1
456352;2008-11-25;Terça;15:15:00;SP;116;181.0;GUARAREMA;Falta de atenção;Colisão lateral;Sem Vítimas;Pleno dia;Crescente;Sol;Dupla;Reta;Rural;2;2
456376;2008-11-28;Sexta;17:50:00;SP;116;157.5;SAO JOSE DOS CAMPOS;Não guardar distância de segurança;Colisão traseira;Sem Vítimas;Pleno dia;Decrescente;Sol;Dupla;Reta;Urbano;2;2