id;data_inversa;dia_semana;horario;uf;br;km;municipio;causa_acidente;tipo_acidente;classificacao_acidente;fase_dia;sentido_via;condicao_metereologica;tipo_pista;tracado_via;uso_solo;pessoas;veiculos
456386;2008-11-25;Terça;16:25:00;SP;116;163.7;JACAREI;Outras;Colisão frontal;Com Vítimas Fatais;Pleno dia;Decrescente;Sol;Dupla;Reta;Rural;2;2
456399;2008-11-28;Sexta;17:30:00;SP;116;154.5;SAO JOSE DOS CAMPOS;Falta de atenção;Colisão traseira;Sem Vítimas;Pleno dia;Crescente;Sol;Dupla;Reta;Rural;2;2
456400;2008-11-29;Sábado;08:40:00;SP;116;204.0;ARUJA;Outras;Colisão com objeto fixo;Sem Vítimas;Pleno dia;Decrescente;Ceu Claro;Múltipla;Reta;Urbano;1;1
456403;2008-11-28;Sexta;16:45:00;SP;116;154.0;SAO JOSE DOS CAMPOS;Outras;Colisão lateral;Sem Vítimas;Pleno dia;Crescente;Sol;Dupla;Reta;Urbano;2;2
456425;2008-11-25;Terça;17:15:00;SP;116;211.5;GUARULHOS;Falta de atenção;Colisão com objeto fixo;Sem Vítimas;Pleno dia;Crescente;Chuva;Múltipla;Reta;Urbano;2;2
456436;2008-11-27;Quinta;06:15:00;SP;116;214.1;GUARULHOS;Falta de atenção;Colisão lateral;Sem Vítimas;Amanhecer;Crescente;Ceu Claro;Múltipla;Reta;Urbano;2;2
456440;2008-11-28;Sexta;07:10:00;SP;116;223.0;GUARULHOS;Outras;Colisão lateral;Sem Vítimas;Pleno dia;Decrescente;Nublado;Múltipla;Reta;Urbano;2;2
456479;2008-11-28;Sexta;10:50:00;SP;116;212.0;GUARULHOS;Falta de atenção;Colisão traseira;Sem Vítimas;Plena noite;Decrescente;Ceu Claro;Múltipla;Reta;Urbano;2;2
456518;2008-11-29;Sábado;08:15:00;SP;116;229.7;SAO PAULO;Dormindo;Colisão traseira;Com Vítimas Feridas;Pleno dia;Decrescente;Sol;Múltipla;Reta;Urbano;3;2
456614;2008-11-29;Sábado;19:40:00;SP;116;197.0;ARUJA;Defeito mecânico em veículo;Queda de motocicleta / bicicleta / veículo;Com Vítimas Feridas;Plena noite;Decrescente;Ceu Claro;Múltipla;Reta;Urbano;1;1
456666;2008-11-28;Sexta;09:40:00;SP;116;192.0;SANTA ISABEL;Outras;Saída de Pista;Sem Vítimas;Pleno dia;Decrescente;Ceu Claro;Dupla;Curva;Urbano;1;1
456704;2008-11-29;Sábado;23:00:00;SP;116;222.0;GUARULHOS;Outras;Atropelamento de pessoa;Com Vítimas Fatais;Plena noite;Decrescente;Nublado;Múltipla;Reta;Urbano;2;1
456776;2008-11-29;Sábado;04:15:00;SP;116;225.5;GUARULHOS;Outras;Colisão com objeto fixo;Sem Vítimas;Plena noite;Crescente;Ceu Claro;Múltipla;Reta;Urbano;1;1
456838;2008-11-30;Domingo;09:15:00;SP;116;99.0;PINDAMONHANGABA;Outras;Queda de motocicleta / bicicleta / veículo;Com Vítimas Feridas;Pleno dia;Crescente;Ceu Claro;Simples;Curva;Rural;1;1
456846;2008-11-28;Sexta;14:40:00;SP;116;215.0;GUARULHOS;Outras;Colisão traseira;Com Vítimas Feridas;Pleno dia;Crescente;Sol;Múltipla;Reta;Urbano;2;2
456853;2008-11-29;Sábado;17:00:00;SP;116;216.0;GUARULHOS;Falta de atenção;Queda de motocicleta / bicicleta / veículo;Com Vítimas Feridas;Pleno dia;Decrescente;Ceu Claro;Múltipla;Reta;Urbano;2;2
456861;2008-11-28;Sexta;08:30:00;SP;116;225.0;GUARULHOS;Falta de atenção;Colisão traseira;Com Vítimas Feridas;Pleno dia;Crescente;Ceu Claro;Múltipla;Reta;Urbano;2;2
456876;2008-11-28;Sexta;10:00:00;SP;116;211.6;GUARULHOS;Falta de atenção;Colisão lateral;Sem Vítimas;Pleno dia;Crescente;Ceu Claro;Múltipla;Reta;Urbano;2;2
456919;2008-11-30;Domingo;15:15:00;SP;116;106.9;TAUBATE;Defeito mecânico em veículo;Queda de motocicleta / bicicleta / veículo;Com Vítimas Feridas;Pleno dia;Crescente;Chuva;Dupla;Reta;Urbano;1;1
456925;2008-11-27;Quinta;18:55:00;SP;116;218.6;GUARULHOS;Falta de atenção;Colisão lateral;Com Vítimas Feridas;Anoitecer;Crescente;Ceu Claro;Múltipla;Reta;Urbano;3;3
456927;2008-11-30;Domingo;15:05:00;SP;116;145.0;SAO JOSE DOS CAMPOS;Não guardar distância de segurança;Colisão traseira;Sem Vítimas;Pleno dia;Crescente;Ceu Claro;Dupla;Reta;Urbano;2;2
456938;2008-11-30;Domingo;16:40:00;SP;116;105.3;TAUBATE;Outras;Colisão traseira;Sem Vítimas;Pleno dia;Crescente;Chuva;Dupla;Reta;Urbano;3;3
456951;2008-11-30;Domingo;17:50:00;SP;116;181.0;GUARAREMA;Outras;Colisão com objeto fixo;Sem Vítimas;Pleno dia;Crescente;Sol;Múltipla;Reta;Rural;1;1
456955;2008-11-30;Domingo;17:15:00;SP;116;104.4;TAUBATE;Outras;Colisão traseira;Sem Vítimas;Pleno dia;Crescente;Ceu Claro;Dupla;Reta;Rural;2;2
457013;2008-11-30;Domingo;22:00:00;SP;116;108.0;TAUBATE;Outras;Colisão lateral;Sem Vítimas;Plena noite;Decrescente;Ceu Claro;Dupla;Reta;Urbano;2;2
457019;2008-11-21;Sexta;11:25:00;SP;116;211.6;GUARULHOS;Falta de atenção;Colisão lateral;Com Vítimas Feridas;Pleno dia;Decrescente;Ceu Claro;Múltipla;Reta;Urbano;5;4
457056;2008-11-22;Sábado;21:25:00;SP;116;220.0;GUARULHOS;Outras;Colisão lateral;Sem Vítimas;Plena noite;Crescente;Chuva;Múltipla;Reta;Urbano;2;2
457100;2008-11-26;Quarta;07:05:00;SP;116;157.0;SAO JOSE DOS CAMPOS;Falta de atenção;Colisão traseira;Sem Vítimas;Pleno dia;Decrescente;Ceu Claro;Dupla;Reta;Rural;3;3
457102;2008-12-01;Segunda;00:20:00;SP;116;100.2;PINDAMONHANGABA;Dormindo;Colisão traseira;Sem Vítimas;Plena noite;Decrescente;Ceu Claro;Dupla;Reta;Rural;2;2
457144;2008-12-01;Segunda;07:30:00;SP;116;111.0;TAUBATE;Outras;Queda de motocicleta / bicicleta / veículo;Com Vítimas Feridas;Pleno dia;Decrescente;Ceu Claro;Dupla;Reta;Urbano;1;1
457147;2008-11-23;Domingo;05:15:00;SP;116;107.4;TAUBATE;Outras;Colisão com objeto fixo;Sem Vítimas;Amanhecer;Crescente;Nublado;Dupla;Reta;Urbano;1;1
457176;2008-11-29;Sábado;15:30:00;SP;116;216.0;GUARULHOS;Falta de atenção;Queda de motocicleta / bicicleta / veículo;Sem Vítimas;Pleno dia;Decrescente;Sol;Múltipla;Reta;Urbano;3;3
457214;2008-11-30;Domingo;14:00:00;SP;116;226.0;GUARULHOS;Outras;Colisão traseira;Com Vítimas Feridas;Pleno dia;Crescente;Sol;Múltipla;Reta;Urbano;2;2
457233;2008-11-29;Sábado;04:10:00;SP;116;214.8;GUARULHOS;Ingestão de álcool;Colisão traseira;Sem Vítimas;Plena noite;Crescente;Ceu Claro;Múltipla;Reta;Urbano;2;2
457242;2008-11-28;Sexta;13:00:00;SP;116;181.0;GUARAREMA;Ultrapassagem indevida;Colisão traseira;Sem Vítimas;Pleno dia;Crescente;Ceu Claro;Múltipla;Reta;Rural;2;2
457254;2008-11-27;Quinta;18:55:00;SP;116;155.0;SAO JOSE DOS CAMPOS;Falta de atenção;Colisão traseira;Sem Vítimas;Anoitecer;Crescente;Nublado;Dupla;Reta;Rural;3;3
457348;2008-11-27;Quinta;16:00:00;SP;116;219.0;GUARULHOS;Falta de atenção;Colisão traseira;Sem Vítimas;Pleno dia;Decrescente;Nublado;Múltipla;Reta;Urbano;4;4
457411;2008-12-01;Segunda;08:00:00;SP;116;145.0;SAO JOSE DOS CAMPOS;Falta de atenção;Colisão traseira;Sem Vítimas;Pleno dia;Crescente;Ceu Claro;Dupla;Reta;Urbano;4;4
457433;2008-12-01;Segunda;07:10:00;SP;116;165.6;JACAREI;Defeito mecânico em veículo;Colisão traseira;Com Vítimas Feridas;Pleno dia;Decrescente;Ceu Claro;Múltipla;Reta;Rural;2;2
457442;2008-11-26;Quarta;19:55:00;SP;116;158.0;SAO JOSE DOS CAMPOS;Outras;Derramamento de Carga;Sem Vítimas;Plena noite;Crescente;Ceu Claro;Dupla;Reta;Urbano;1;1
457446;2008-11-28;Sexta;09:40:00;SP;116;115.4;TAUBATE;Outras;Colisão traseira;Sem Vítimas;Pleno dia;Crescente;Sol;Dupla;Reta;Urbano;4;2
457500;2008-11-28;Sexta;01:00:00;SP;116;184.0;SANTA ISABEL;Falta de atenção;Colisão traseira;Sem Vítimas;Plena noite;Crescente;Nublado;Dupla;Reta;Rural;2;2
457515;2008-11-30;Domingo;17:30:00;SP;116;104.8;TAUBATE;Outras;Colisão traseira;Sem Vítimas;Pleno dia;Crescente;Ceu Claro;Múltipla;Reta;Rural;3;3
457630;2008-11-30;Domingo;08:30:00;SP;116;112.2;TAUBATE;Ultrapassagem indevida;Colisão lateral;Com Vítimas Feridas;Pleno dia;Decrescente;Ceu Claro;Dupla;Reta;Urbano;2;2
457662;2008-12-01;Segunda;17:00:00;SP;116;176.0;GUARAREMA;Outras;Saída de Pista;Com Vítimas Feridas;Pleno dia;Crescente;Ceu Claro;Dupla;Reta;Rural;1;1
457839;2008-12-02;Terça;17:34:00;SP;116;214.0;GUARULHOS;Outras;Colisão traseira;Sem Vítimas;Pleno dia;Crescente;Chuva;Múltipla;Reta;Urbano;4;4
457877;2008-12-02;Terça;18:20:00;SP;116;197.0;ARUJA;Outras;Saída de Pista;Sem Vítimas;Pleno dia;Decrescente;Chuva;Dupla;Curva;Rural;1;1
457884;2008-12-01;Segunda;01:40:00;SP;116;192.8;SANTA ISABEL;Outras;Capotamento;Com Vítimas Feridas;Plena noite;Decrescente;Ceu Claro;Dupla;Reta;Urbano;4;1
457936;2008-11-21;Sexta;09:10:00;SP;116;222.0;GUARULHOS;Falta de atenção;Colisão traseira;Com Vítimas Feridas;Pleno dia;Crescente;Ceu Claro;Múltipla;Reta;Urbano;2;2
457957;2008-12-01;Segunda;15:50:00;SP;116;217.9;GUARULHOS;Falta de atenção;Colisão traseira;Sem Vítimas;Pleno dia;Decrescente;Sol;Múltipla;Reta;Urbano;2;2
458008;2008-11-26;Quarta;18:20:00;SP;116;224.8;GUARULHOS;Outras;Capotamento;Sem Vítimas;Pleno dia;Crescente;Ceu Claro;Múltipla;Reta;Urbano;1;1
458030;2008-12-03;Quarta;04:00:00;SP;116;223.0;GUARULHOS;Outras;Colisão com objeto fixo;Sem Vítimas;Plena noite;Decrescente;Chuva;Múltipla;Reta;Urbano;1;1
458066;2008-11-25;Terça;07:30:00;SP;116;145.0;SAO JOSE DOS CAMPOS;Outras;Colisão traseira;Sem Vítimas;Pleno dia;Decrescente;Ceu Claro;Dupla;Reta;Urbano;2;2
458134;2008-11-27;Quinta;06:15:00;SP;116;214.0;GUARULHOS;Outras;Colisão traseira;Sem Vítimas;Amanhecer;Crescente;Nublado;Múltipla;Reta;Urbano;4;4
458151;2008-11-30;Domingo;05:17:00;SP;116;99.0;PINDAMONHANGABA;Outras;Capotamento;Ignorado;Amanhecer;Crescente;Ceu Claro;Dupla;Reta;Rural;1;1
458157;2008-11-30;Domingo;05:17:00;SP;116;99.0;PINDAMONHANGABA;Outras;Colisão com objeto fixo;Com Vítimas Feridas;Amanhecer;Crescente;Ceu Claro;Simples;Curva;Rural;1;1
458279;2008-11-29;Sábado;05:50:00;SP;116;180.9;GUARAREMA;Outras;Colisão com objeto fixo;Sem Vítimas;Amanhecer;Decrescente;Ceu Claro;Dupla;Reta;Rural;1;1
458306;2008-12-03;Quarta;18:50:00;SP;116;123.2;CACAPAVA;Outras;Queda de motocicleta / bicicleta / veículo;Com Vítimas Feridas;Anoitecer;Decrescente;Ceu Claro;Dupla;Reta;Urbano;1;1
458468;2008-12-03;Quarta;13:20:00;SP;116;224.0;GUARULHOS;Outras;Colisão traseira;Com Vítimas Feridas;Pleno dia;Crescente;Sol;Dupla;Reta;Urbano;2;2
458473;2008-11-25;Terça;19:31:00;SP;116;147.2;SAO JOSE DOS CAMPOS;Falta de atenção;Colisão lateral;Sem Vítimas;Plena noite;Decrescente;Nublado;Dupla;Reta;Urbano;3;3
458497;2008-12-02;Terça;05:00:00;SP;116;193.5;SANTA ISABEL;Outras;Colisão com objeto fixo;Sem Vítimas;Plena noite;Crescente;Chuva;Dupla;Reta;Rural;3;3
458602;2008-11-25;Terça;21:40:00;SP;116;151.0;SAO JOSE DOS CAMPOS;Outras;Colisão traseira;Com Vítimas Feridas;Plena noite;Decrescente;Ignorada;Dupla;Cruzamento;Urbano;3;3
458633;2008-12-04;Quinta;13:40:00;SP;116;182.0;SANTA ISABEL;Outras;Colisão com objeto móvel;Sem Vítimas;Amanhecer;Decrescente;Ceu Claro;Dupla;Reta;Rural;2;2
458675;2008-12-04;Quinta;15:50:00;SP;116;154.0;SAO JOSE DOS CAMPOS;Outras;Colisão lateral;Sem Vítimas;Pleno dia;Decrescente;Ceu Claro;Dupla;Reta;Urbano;2;2
458690;2008-12-04;Quinta;17:00:00;SP;116;210.0;GUARULHOS;Falta de atenção;Colisão lateral;Com Vítimas Feridas;Pleno dia;Decrescente;Sol;Simples;Reta;Rural;2;2
458696;2008-11-26;Quarta;01:28:00;SP;116;166.4;JACAREI;Velocidade incompatível;Colisão com objeto fixo;Sem Vítimas;Plena noite;Decrescente;Ceu Claro;Dupla;Reta;Rural;1;1
458703;2008-12-03;Quarta;19:50:00;SP;116;154.5;SAO JOSE DOS CAMPOS;Falta de atenção;Colisão lateral;Sem Vítimas;Plena noite;Decrescente;Nublado;Dupla;Reta;Urbano;2;2
458737;2008-12-04;Quinta;15:30:00;SP;116;116.0;TAUBATE;Outras;Colisão traseira;Sem Vítimas;Pleno dia;Decrescente;Sol;Dupla;Reta;Urbano;2;2
458738;2008-12-04;Quinta;13:05:00;SP;116;226.0;GUARULHOS;Falta de atenção;Colisão lateral;Sem Vítimas;Pleno dia;Crescente;Ceu Claro;Múltipla;Cruzamento;Urbano;3;3
458768;2008-12-04;Quinta;17:35:00;SP;116;131.0;CACAPAVA;Outras;Colisão com objeto fixo;Com Vítimas Feridas;Pleno dia;Crescente;Sol;Dupla;Reta;Urbano;1;1
458770;2008-11-28;Sexta;02:30:00;SP;116;213.6;GUARULHOS;Falta de atenção;Saída de Pista;Sem Vítimas;Plena noite;Decrescente;Ceu Claro;Múltipla;Reta;Urbano;2;2
458777;2008-11-28;Sexta;06:00:00;SP;116;216.0;GUARULHOS;Outras;Colisão com objeto fixo;Sem Vítimas;Amanhecer;Crescente;Nublado;Múltipla;Reta;Urbano;1;1
458789;2008-12-02;Terça;23:30:00;SP;116;210.0;GUARULHOS;Falta de atenção;Colisão lateral;Sem Vítimas;Plena noite;Crescente;Chuva;Múltipla;Reta;Urbano;3;3
458822;2008-12-03;Quarta;15:00:00;SP;116;219.0;GUARULHOS;Falta de atenção;Colisão traseira;Com Vítimas Feridas;Pleno dia;Crescente;Chuva;Múltipla;Reta;Urbano;2;2
458900;2008-12-03;Quarta;13:00:00;SP;116;227.0;SAO PAULO;Outras;Colisão lateral;Sem Vítimas;Pleno dia;Decrescente;Ceu Claro;Múltipla;Reta;Urbano;2;2
458953;2008-12-03;Quarta;05:20:00;SP;116;206.0;GUARULHOS;Outras;Colisão traseira;Com Vítimas Feridas;Plena noite;Decrescente;Nublado;Dupla;Reta;Urbano;3;3
459075;2008-12-01;Segunda;18:30:00;SP;116;143.2;SAO JOSE DOS CAMPOS;Não guardar distância de segurança;Colisão traseira;Sem Vítimas;Anoitecer;Crescente;Ceu Claro;Dupla;Reta;Urbano;2;2
459113;2008-12-05;Sexta;10:00:00;SP;116;108.6;TAUBATE;Outras;Colisão traseira;Sem Vítimas;Pleno dia;Decrescente;Sol;Dupla;Reta;Urbano;2;2
459132;2008-12-04;Quinta;04:00:00;SP;116;204.0;ARUJA;Outras;Colisão com objeto fixo;Sem Vítimas;Plena noite;Decrescente;Nublado;Dupla;Reta;Rural;1;1
459137;2008-10-15;Quarta;14:10:00;SP;116;169.0;SANTA ISABEL;Outras;Colisão lateral;Sem Vítimas;Pleno dia;Crescente;Ceu Claro;Dupla;Reta;Urbano;2;2
459196;2008-12-04;Quinta;17:05:00;SP;116;165.6;JACAREI;Não guardar distância de segurança;Colisão traseira;Sem Vítimas;Pleno dia;Decrescente;Ceu Claro;Dupla;Reta;Rural;2;2
459275;2008-12-06;Sábado;02:30:00;SP;116;229.0;SAO PAULO;Outras;Capotamento;Com Vítimas Feridas;Plena noite;Decrescente;Ceu Claro;Múltipla;Reta;Urbano;3;2
459291;2008-12-05;Sexta;23:25:00;SP;116;174.0;JACAREI;Velocidade incompatível;Colisão traseira;Sem Vítimas;Plena noite;Decrescente;Ceu Claro;Dupla;Reta;Rural;2;2
459296;2008-12-05;Sexta;20:50:00;SP;116;226.3;GUARULHOS;Falta de atenção;Colisão traseira;Sem Vítimas;Plena noite;Crescente;Nublado;Múltipla;Reta;Urbano;2;2
459349;2008-12-05;Sexta;09:35:00;SP;116;220.4;GUARULHOS;Outras;Colisão traseira;Sem Vítimas;Pleno dia;Crescente;Sol;Múltipla;Reta;Urbano;2;2
459350;2008-12-04;Quinta;06:25:00;SP;116;147.5;SAO JOSE DOS CAMPOS;Não guardar distância de segurança;Colisão traseira;Com Vítimas Feridas;Amanhecer;Decrescente;Nublado;Dupla;Reta;Urbano;3;2
459447;2008-12-04;Quinta;12:45:00;SP;116;225.0;GUARULHOS;Não guardar distância de segurança;Colisão traseira;Sem Vítimas;Pleno dia;Decrescente;Sol;Múltipla;Reta;Urbano;2;2
459453;2008-12-05;Sexta;16:00:00;SP;116;217.0;GUARULHOS;Outras;Colisão traseira;Com Vítimas Feridas;Pleno dia;Decrescente;Sol;Múltipla;Reta;Urbano;2;2
459463;2008-12-05;Sexta;02:30:00;SP;116;129.0;CACAPAVA;Outras;Colisão traseira;Com Vítimas Feridas;Plena noite;Decrescente;Ceu Claro;Dupla;Reta;Urbano;2;2
459474;2008-12-05;Sexta;04:30:00;SP;116;137.0;SAO JOSE DOS CAMPOS;Falta de atenção;Colisão lateral;Sem Vítimas;Plena noite;Crescente;Ceu Claro;Dupla;Reta;Urbano;2;2
459480;2008-12-06;Sábado;13:30:00;SP;116;220.0;GUARULHOS;Outras;Saída de Pista;Com Vítimas Feridas;Pleno dia;Decrescente;Sol;Múltipla;Reta;Urbano;2;1
459688;2008-12-03;Quarta;18:30:00;SP;116;173.9;JACAREI;Outras;Colisão traseira;Sem Vítimas;Anoitecer;Crescente;Ceu Claro;Dupla;Reta;Rural;2;2
459719;2008-12-07;Domingo;08:40:00;SP;116;117.0;TAUBATE;Falta de atenção;Colisão traseira;Sem Vítimas;Pleno dia;Decrescente;Ceu Claro;Dupla;Reta;Urbano;2;2
459761;2008-12-06;Sábado;03:46:00;SP;116;185.3;SANTA ISABEL;Outras;Saída de Pista;Com Vítimas Feridas;Plena noite;Decrescente;Ceu Claro;Dupla;Reta;Urbano;1;1
459773;2008-12-06;Sábado;06:45:00;SP;116;186.0;SANTA ISABEL;Outras;Colisão traseira;Sem Vítimas;Pleno dia;Crescente;Ceu Claro;Dupla;Reta;Urbano;2;2
459774;2008-12-06;Sábado;07:40:00;SP;116;220.0;GUARULHOS;Outras;Colisão traseira;Sem Vítimas;Plena noite;Crescente;Ceu Claro;Múltipla;Reta;Urbano;2;2
459779;2008-12-06;Sábado;12:30:00;SP;116;221.4;GUARULHOS;Falta de atenção;Colisão traseira;Sem Vítimas;Plena noite;Decrescente;Sol;Múltipla;Reta;Urbano;4;4
459791;2008-12-04;Quinta;03:52:00;SP;116;142.8;SAO JOSE DOS CAMPOS;Dormindo;Capotamento;Com Vítimas Feridas;Plena noite;Crescente;Ceu Claro;Dupla;Reta;Urbano;2;1
459845;2008-12-06;Sábado;01:40:00;SP;116;215.0;GUARULHOS;Falta de atenção;Colisão traseira;Sem Vítimas;Plena noite;Crescente;Nublado;Múltipla;Reta;Urbano;2;2
459971;2008-12-08;Segunda;00:45:00;SP;116;114.0;TAUBATE;Falta de atenção;Colisão traseira;Sem Vítimas;Plena noite;Decrescente;Ceu Claro;Dupla;Reta;Urbano;2;2
460057;2008-12-05;Sexta;04:00:00;SP;116;209.0;GUARULHOS;Ingestão de álcool;Capotamento;Com Vítimas Feridas;Plena noite;Crescente;Ceu Claro;Múltipla;Reta;Urbano;2;1
460060;2008-12-05;Sexta;08:10:00;SP;116;219.0;GUARULHOS;Outras;Queda de motocicleta / bicicleta / veículo;Com Vítimas Feridas;Pleno dia;Crescente;Ceu Claro;Múltipla;Reta;Urbano;1;1
460100;2008-12-05;Sexta;18:15:00;SP;116;213.0;GUARULHOS;Falta de atenção;Colisão traseira;Sem Vítimas;Pleno dia;Decrescente;Ceu Claro;Dupla;Reta;Urbano;2;2
460105;2008-12-07;Domingo;13:50:00;SP;116;157.0;SAO JOSE DOS CAMPOS;Outras;Colisão lateral;Sem Vítimas;Pleno dia;Decrescente;Sol;Dupla;Reta;Urbano;2;2
460106;2008-12-05;Sexta;06:50:00;SP;116;121.8;CACAPAVA;Outras;Colisão lateral;Sem Vítimas;Amanhecer;Crescente;Ceu Claro;Múltipla;Reta;Urbano;2;2
460112;2008-12-05;Sexta;22:00:00;SP;116;209.0;GUARULHOS;Outras;Atropelamento de pessoa;Com Vítimas Fatais;Plena noite;Crescente;Ceu Claro;Múltipla;Reta;Rural;2;1
460149;2008-12-07;Domingo;13:40:00;SP;116;155.9;SAO JOSE DOS CAMPOS;Falta de atenção;Saída de Pista;Sem Vítimas;Pleno dia;Decrescente;Sol;Simples;Curva;Urbano;1;1
460156;2008-12-08;Segunda;09:40:00;SP;116;217.0;GUARULHOS;Falta de atenção;Colisão traseira;Com Vítimas Feridas;Pleno dia;Crescente;Ceu Claro;Múltipla;Reta;Urbano;2;2
460157;2008-12-08;Segunda;08:50:00;SP;116;119.7;CACAPAVA;Outras;Queda de motocicleta / bicicleta / veículo;Com Vítimas Feridas;Amanhecer;Crescente;Nublado;Dupla;Reta;Rural;1;1
460214;2008-12-08;Segunda;01:50:00;SP;116;174.0;GUARAREMA;Falta de atenção;Colisão traseira;Com Vítimas Feridas;Plena noite;Decrescente;Nublado;Dupla;Reta;Urbano;4;2
460285;2008-12-05;Sexta;02:20:00;SP;116;103.7;TAUBATE;Outras;Capotamento;Com Vítimas Feridas;Plena noite;Decrescente;Ceu Claro;Dupla;Reta;Rural;3;2
460306;2008-12-05;Sexta;08:00:00;SP;116;145.0;SAO JOSE DOS CAMPOS;Falta de atenção;Colisão traseira;Com Vítimas Feridas;Pleno dia;Crescente;Ceu Claro;Simples;Reta;Urbano;2;2
460332;2008-12-02;Terça;14:15:00;SP;116;218.0;GUARULHOS;Outras;Colisão traseira;Com Vítimas Feridas;Pleno dia;Decrescente;Nublado;Múltipla;Reta;Urbano;2;2
460343;2008-12-05;Sexta;20:30:00;SP;116;222.0;GUARULHOS;Falta de atenção;Colisão traseira;Sem Vítimas;Plena noite;Decrescente;Ceu Claro;Múltipla;Reta;Urbano;5;5
460354;2008-12-05;Sexta;01:50:00;SP;116;118.0;TAUBATE;Falta de atenção;Colisão traseira;Sem Vítimas;Plena noite;Crescente;Ceu Claro;Dupla;Reta;Rural;2;2
460355;2008-11-18;Terça;18:00:00;SP;116;145.0;SAO JOSE DOS CAMPOS;Outras;Colisão traseira;Sem Vítimas;Anoitecer;Decrescente;Ceu Claro;Dupla;Reta;Urbano;2;2
460364;2008-12-08;Segunda;17:20:00;SP;116;142.0;SAO JOSE DOS CAMPOS;Outras;Colisão traseira;Sem Vítimas;Pleno dia;Crescente;Sol;Dupla;Reta;Urbano;2;2
460368;2008-12-05;Sexta;12:35:00;SP;116;220.0;GUARULHOS;Outras;Colisão traseira;Com Vítimas Feridas;Pleno dia;Decrescente;Sol;Dupla;Reta;Urbano;2;2
460397;2008-12-06;Sábado;09:00:00;SP;116;219.8;GUARULHOS;Falta de atenção;Colisão traseira;Sem Vítimas;Pleno dia;Crescente;Ceu Claro;Múltipla;Reta;Urbano;2;2
460401;2008-12-07;Domingo;16:00:00;SP;116;224.3;GUARULHOS;Falta de atenção;Colisão traseira;Com Vítimas Feridas;Pleno dia;Decrescente;Ceu Claro;Múltipla;Reta;Urbano;4;3
460464;2008-12-09;Terça;04:20:00;SP;116;190.9;ARUJA;Outras;Colisão lateral;Sem Vítimas;Plena noite;Crescente;Ceu Claro;Dupla;Reta;Rural;2;2
460497;2008-11-28;Sexta;08:00:00;SP;116;144.6;SAO JOSE DOS CAMPOS;Outras;Colisão lateral;Com Vítimas Feridas;Pleno dia;Crescente;Nublado;Dupla;Reta;Urbano;2;2
460531;2008-12-05;Sexta;14:00:00;SP;116;220.3;GUARULHOS;Outras;Colisão lateral;Sem Vítimas;Pleno dia;Decrescente;Ceu Claro;Múltipla;Reta;Urbano;3;3
460537;2008-12-06;Sábado;18:10:00;SP;116;178.0;GUARAREMA;Outras;Colisão lateral;Com Vítimas Fatais;Plena noite;Crescente;Ceu Claro;Dupla;Reta;Rural;2;2
460545;2008-12-06;Sábado;02:44:00;SP;116;143.4;SAO JOSE DOS CAMPOS;Outras;Colisão traseira;Sem Vítimas;Plena noite;Decrescente;Ceu Claro;Dupla;Reta;Urbano;3;2
460574;2008-12-05;Sexta;15:40:00;SP;116;126.0;CACAPAVA;Outras;Colisão traseira;Sem Vítimas;Pleno dia;Crescente;Ceu Claro;Dupla;Reta;Urbano;3;3
460584;2008-12-04;Quinta;11:45:00;SP;116;222.0;GUARULHOS;Outras;Colisão lateral;Sem Vítimas;Pleno dia;Decrescente;Sol;Múltipla;Reta;Urbano;2;2
460607;2008-12-07;Domingo;16:00:00;SP;116;146.3;SAO JOSE DOS CAMPOS;Não guardar distância de segurança;Colisão traseira;Sem Vítimas;Pleno dia;Crescente;Sol;Dupla;Reta;Urbano;2;2
460633;2008-12-08;Segunda;08:30:00;SP;116;159.0;SAO JOSE DOS CAMPOS;Outras;Colisão traseira;Sem Vítimas;Pleno dia;Decrescente;Nublado;Dupla;Reta;Urbano;2;2
460647;2008-12-08;Segunda;04:30:00;SP;116;181.0;GUARAREMA;Outras;Colisão lateral;Sem Vítimas;Plena noite;Decrescente;Ceu Claro;Dupla;Reta;Rural;2;2
460775;2008-12-05;Sexta;07:00:00;SP;116;219.0;GUARULHOS;Outras;Colisão lateral;Sem Vítimas;Pleno dia;Crescente;Ceu Claro;Múltipla;Reta;Urbano;2;2
460781;2008-12-09;Terça;17:30:00;SP;116;217.5;GUARULHOS;Outras;Atropelamento de pessoa;Com Vítimas Feridas;Pleno dia;Decrescente;Ceu Claro;Múltipla;Reta;Urbano;2;1
460786;2008-12-09;Terça;06:40:00;SP;116;219.0;GUARULHOS;Falta de atenção;Colisão traseira;Com Vítimas Feridas;Pleno dia;Crescente;Ceu Claro;Múltipla;Reta;Urbano;2;2
460798;2008-12-09;Terça;15:20:00;SP;116;219.0;GUARULHOS;Falta de atenção;Colisão lateral;Sem Vítimas;Pleno dia;Decrescente;Ceu Claro;Múltipla;Cruzamento;Urbano;2;2
460799;2008-12-09;Terça;18:20:00;SP;116;158.8;JACAREI;Outras;Colisão lateral;Com Vítimas Feridas;Pleno dia;Crescente;Ceu Claro;Múltipla;Reta;Urbano;2;2