id;data_inversa;dia_semana;horario;uf;br;km;municipio;causa_acidente;tipo_acidente;classificacao_acidente;fase_dia;sentido_via;condicao_metereologica;tipo_pista;tracado_via;uso_solo;pessoas;veiculos
466777;2008-12-20;Sábado;12:15:00;SP;116;158.8;JACAREI;Falta de atenção;Colisão Transversal;Sem Vítimas;Pleno dia;Crescente;Nublado;Simples;Reta;Urbano;2;2
466796;2008-12-15;Segunda;10:40:00;SP;116;165.5;JACAREI;Outras;Colisão com objeto fixo;Sem Vítimas;Pleno dia;Decrescente;Ceu Claro;Múltipla;Reta;Urbano;1;1
466810;2008-12-20;Sábado;16:50:00;SP;116;178.5;GUARAREMA;Falta de atenção;Colisão traseira;Sem Vítimas;Pleno dia;Crescente;Chuva;Dupla;Reta;Rural;3;3
466828;2008-10-03;Sexta;22:30:00;SP;116;183.0;GUARAREMA;Outras;Colisão traseira;Com Vítimas Feridas;Plena noite;Decrescente;Nublado;Dupla;Reta;Rural;2;2
466835;2008-12-17;Quarta;18:00:00;SP;116;176.5;GUARAREMA;Outras;Saída de Pista;Sem Vítimas;Pleno dia;Decrescente;Chuva;Dupla;Reta;Rural;2;2
466859;2008-12-22;Segunda;07:12:00;SP;116;159.2;JACAREI;Outras;Queda de motocicleta / bicicleta / veículo;Com Vítimas Feridas;Pleno dia;Decrescente;Nublado;Dupla;Curva;Urbano;2;2
466891;2008-12-19;Sexta;20:30:00;SP;116;143.0;SAO JOSE DOS CAMPOS;Outras;Colisão com objeto fixo;Sem Vítimas;Plena noite;Decrescente;Chuva;Dupla;Reta;Urbano;1;1
466901;2008-12-18;Quinta;17:25:00;SP;116;140.2;SAO JOSE DOS CAMPOS;Não guardar distância de segurança;Colisão traseira;Sem Vítimas;Pleno dia;Crescente;Chuva;Dupla;Reta;Urbano;3;3
466916;2008-12-19;Sexta;21:30:00;SP;116;143.0;SAO JOSE DOS CAMPOS;Outras;Colisão traseira;Sem Vítimas;Plena noite;Decrescente;Chuva;Dupla;Reta;Urbano;4;4
466981;2008-12-20;Sábado;19:35:00;SP;116;155.0;SAO JOSE DOS CAMPOS;Outras;Colisão lateral;Sem Vítimas;Anoitecer;Crescente;Chuva;Dupla;Reta;Urbano;2;2
467003;2008-12-18;Quinta;06:00:00;SP;116;152.6;SAO JOSE DOS CAMPOS;Outras;Queda de motocicleta / bicicleta / veículo;Com Vítimas Feridas;Amanhecer;Decrescente;Nublado;Dupla;Reta;Rural;2;1
467026;2008-12-22;Segunda;16:15:00;SP;116;145.8;SAO JOSE DOS CAMPOS;Não guardar distância de segurança;Colisão traseira;Sem Vítimas;Pleno dia;Decrescente;Nublado;Dupla;Reta;Urbano;3;3
467141;2008-12-22;Segunda;15:00:00;SP;116;227.0;GUARULHOS;Outras;Colisão com objeto fixo;Sem Vítimas;Pleno dia;Crescente;Chuva;Dupla;Reta;Urbano;1;1
467173;2008-12-21;Domingo;07:30:00;SP;116;219.0;GUARULHOS;Falta de atenção;Colisão lateral;Sem Vítimas;Amanhecer;Decrescente;Nublado;Múltipla;Reta;Urbano;2;2
467294;2008-12-22;Segunda;08:15:00;SP;116;159.0;JACAREI;Não guardar distância de segurança;Colisão traseira;Sem Vítimas;Pleno dia;Decrescente;Nublado;Dupla;Reta;Urbano;2;2
467314;2008-12-20;Sábado;04:00:00;SP;116;213.0;GUARULHOS;Falta de atenção;Queda de motocicleta / bicicleta / veículo;Com Vítimas Feridas;Amanhecer;Crescente;Ceu Claro;Múltipla;Reta;Urbano;6;3
467341;2008-12-18;Quinta;16:50:00;SP;116;190.5;SANTA ISABEL;Outras;Derramamento de Carga;Sem Vítimas;Pleno dia;Decrescente;Ceu Claro;Simples;Curva;Rural;2;2
467356;2008-12-22;Segunda;08:10:00;SP;116;222.5;GUARULHOS;Ingestão de álcool;Colisão Transversal;Com Vítimas Feridas;Pleno dia;Decrescente;Ceu Claro;Múltipla;Reta;Urbano;3;3
467404;2008-12-20;Sábado;00:35:00;SP;116;147.7;SAO JOSE DOS CAMPOS;Falta de atenção;Colisão traseira;Sem Vítimas;Plena noite;Crescente;Nublado;Simples;Reta;Urbano;2;2
467516;2008-12-23;Terça;14:30:00;SP;116;180.9;GUARAREMA;Falta de atenção;Colisão traseira;Sem Vítimas;Pleno dia;Decrescente;Ceu Claro;Dupla;Reta;Rural;3;3
467534;2008-12-23;Terça;11:00:00;SP;116;210.0;GUARULHOS;Outras;Colisão lateral;Sem Vítimas;Pleno dia;Decrescente;Ceu Claro;Simples;Reta;Urbano;2;2
467594;2008-12-21;Domingo;16:30:00;SP;116;139.0;SAO JOSE DOS CAMPOS;Outras;Colisão traseira;Sem Vítimas;Pleno dia;Crescente;Chuva;Dupla;Reta;Urbano;2;2
467630;2008-12-23;Terça;16:15:00;SP;116;138.8;SAO JOSE DOS CAMPOS;Outras;Colisão traseira;Sem Vítimas;Pleno dia;Crescente;Chuva;Dupla;Reta;Urbano;2;2
467654;2008-12-23;Terça;16:20:00;SP;116;140.3;SAO JOSE DOS CAMPOS;Outras;Colisão traseira;Sem Vítimas;Pleno dia;Crescente;Chuva;Dupla;Reta;Urbano;2;2
467672;2008-12-23;Terça;17:00:00;SP;116;143.0;SAO JOSE DOS CAMPOS;Outras;Colisão traseira;Sem Vítimas;Pleno dia;Decrescente;Chuva;Dupla;Reta;Urbano;5;5
467695;2008-12-23;Terça;17:10:00;SP;116;135.3;CACAPAVA;Outras;Colisão traseira;Sem Vítimas;Pleno dia;Crescente;Nublado;Dupla;Reta;Urbano;2;2
467758;2008-12-23;Terça;18:40:00;SP;116;146.0;SAO JOSE DOS CAMPOS;Não guardar distância de segurança;Colisão traseira;Sem Vítimas;Pleno dia;Decrescente;Nublado;Dupla;Reta;Urbano;2;2
467801;2008-12-23;Terça;21:30:00;SP;116;147.8;SAO JOSE DOS CAMPOS;Falta de atenção;Colisão traseira;Sem Vítimas;Plena noite;Crescente;Ceu Claro;Dupla;Curva;Urbano;3;3
467933;2008-12-23;Terça;14:40:00;SP;116;217.0;SAO PAULO;Outras;Colisão Transversal;Sem Vítimas;Pleno dia;Crescente;Sol;Dupla;Reta;Urbano;2;2
467969;2008-12-21;Domingo;15:40:00;SP;116;156.0;SAO JOSE DOS CAMPOS;Falta de atenção;Colisão traseira;Sem Vítimas;Pleno dia;Crescente;Chuva;Dupla;Reta;Urbano;2;2
468033;2008-12-23;Terça;14:00:00;SP;116;198.0;ARUJA;Outras;Colisão lateral;Com Vítimas Feridas;Pleno dia;Decrescente;Chuva;Dupla;Reta;Urbano;2;2
468118;2008-12-21;Domingo;12:10:00;SP;116;211.0;GUARULHOS;Falta de atenção;Colisão traseira;Com Vítimas Feridas;Pleno dia;Crescente;Nublado;Múltipla;Reta;Urbano;3;2
468157;2008-12-23;Terça;16:00:00;SP;116;220.0;SAO PAULO;Falta de atenção;Colisão traseira;Sem Vítimas;Pleno dia;Crescente;Ceu Claro;Múltipla;Reta;Urbano;2;2
468160;2008-12-23;Terça;05:30:00;SP;116;211.0;GUARULHOS;Falta de atenção;Colisão lateral;Sem Vítimas;Plena noite;Crescente;Nublado;Múltipla;Reta;Urbano;3;3
468170;2008-12-23;Terça;10:30:00;SP;116;217.0;GUARULHOS;Falta de atenção;Colisão lateral;Com Vítimas Feridas;Pleno dia;Crescente;Sol;Múltipla;Reta;Urbano;2;2
468194;2008-12-23;Terça;17:00:00;SP;116;212.0;GUARULHOS;Falta de atenção;Colisão lateral;Com Vítimas Feridas;Pleno dia;Decrescente;Ceu Claro;Múltipla;Reta;Urbano;2;2
468229;2008-12-24;Quarta;16:40:00;SP;116;217.0;GUARULHOS;Falta de atenção;Colisão traseira;Com Vítimas Feridas;Pleno dia;Decrescente;Nublado;Múltipla;Reta;Urbano;7;2
468254;2008-12-21;Domingo;03:00:00;SP;116;112.5;TAUBATE;Outras;Colisão com objeto fixo;Sem Vítimas;Amanhecer;Decrescente;Chuva;Dupla;Reta;Urbano;4;4
468262;2008-12-24;Quarta;19:00:00;SP;116;157.0;SAO JOSE DOS CAMPOS;Falta de atenção;Queda de motocicleta / bicicleta / veículo;Com Vítimas Feridas;Pleno dia;Decrescente;Chuva;Dupla;Reta;Urbano;1;1
468281;2008-12-23;Terça;18:00:00;SP;116;158.5;JACAREI;Falta de atenção;Colisão traseira;Sem Vítimas;Pleno dia;Decrescente;Chuva;Dupla;Reta;Rural;3;3
468335;2008-12-24;Quarta;19:00:00;SP;116;160.0;JACAREI;Falta de atenção;Colisão traseira;Sem Vítimas;Pleno dia;Decrescente;Ceu Claro;Dupla;Reta;Rural;2;2
468348;2008-12-23;Terça;18:30:00;SP;116;160.0;JACAREI;Falta de atenção;Colisão traseira;Sem Vítimas;Anoitecer;Decrescente;Nublado;Dupla;Reta;Urbano;5;5
468408;2008-12-24;Quarta;22:43:00;SP;116;110.5;TAUBATE;Outras;Colisão traseira;Sem Vítimas;Plena noite;Crescente;Ceu Claro;Dupla;Reta;Urbano;2;2
468430;2008-12-23;Terça;10:30:00;SP;116;204.0;ARUJA;Falta de atenção;Colisão traseira;Sem Vítimas;Pleno dia;Decrescente;Ceu Claro;Múltipla;Reta;Urbano;2;2
468586;2008-12-18;Quinta;10:45:00;SP;116;165.0;JACAREI;Defeito mecânico em veículo;Colisão traseira;Sem Vítimas;Pleno dia;Decrescente;Ceu Claro;Múltipla;Reta;Urbano;2;2
468640;2008-12-20;Sábado;16:30:00;SP;116;217.0;GUARULHOS;Ingestão de álcool;Colisão traseira;Sem Vítimas;Pleno dia;Decrescente;Nublado;Múltipla;Reta;Urbano;2;2
468684;2008-12-23;Terça;01:00:00;SP;116;213.0;GUARULHOS;Falta de atenção;Colisão traseira;Sem Vítimas;Plena noite;Crescente;Nublado;Múltipla;Reta;Urbano;2;2
468747;2008-12-22;Segunda;16:35:00;SP;116;175.8;GUARAREMA;Outras;Queda de motocicleta / bicicleta / veículo;Com Vítimas Feridas;Pleno dia;Decrescente;Chuva;Dupla;Reta;Rural;2;2
468799;2008-12-23;Terça;19:55:00;SP;116;150.0;SAO JOSE DOS CAMPOS;Não guardar distância de segurança;Colisão traseira;Sem Vítimas;Plena noite;Decrescente;Nublado;Dupla;Reta;Urbano;3;3
468924;2008-12-25;Quinta;22:23:00;SP;116;226.0;GUARULHOS;Ingestão de álcool;Atropelamento de pessoa;Com Vítimas Feridas;Plena noite;Crescente;Chuva;Múltipla;Reta;Urbano;2;1
468946;2008-12-24;Quarta;21:00:00;SP;116;102.1;PINDAMONHANGABA;Outras;Colisão com objeto fixo;Sem Vítimas;Plena noite;Decrescente;Nublado;Dupla;Reta;Rural;2;1
468953;2008-12-24;Quarta;13:20:00;SP;116;223.0;GUARULHOS;Outras;Incêndio;Sem Vítimas;Pleno dia;Crescente;Sol;Múltipla;Reta;Urbano;1;1
468959;2008-12-24;Quarta;15:30:00;SP;116;223.5;GUARULHOS;Falta de atenção;Colisão traseira;Sem Vítimas;Pleno dia;Decrescente;Sol;Múltipla;Reta;Urbano;2;2
468983;2008-12-25;Quinta;17:20:00;SP;116;226.0;GUARULHOS;Velocidade incompatível;Colisão traseira;Sem Vítimas;Pleno dia;Decrescente;Nublado;Múltipla;Reta;Urbano;2;2
469009;2008-12-22;Segunda;15:45:00;SP;116;143.0;SAO JOSE DOS CAMPOS;Outras;Colisão com objeto fixo;Sem Vítimas;Pleno dia;Decrescente;Nublado;Dupla;Reta;Urbano;1;1
469011;2008-12-22;Segunda;13:45:00;SP;116;142.0;SAO JOSE DOS CAMPOS;Outras;Saída de Pista;Com Vítimas Feridas;Pleno dia;Crescente;Ceu Claro;Dupla;Reta;Urbano;1;1
469034;2008-12-20;Sábado;15:35:00;SP;116;212.0;GUARULHOS;Falta de atenção;Colisão lateral;Com Vítimas Feridas;Pleno dia;Decrescente;Nublado;Múltipla;Reta;Urbano;5;3
469099;2008-12-25;Quinta;05:17:00;SP;116;152.0;SAO JOSE DOS CAMPOS;Outras;Capotamento;Sem Vítimas;Plena noite;Decrescente;Chuva;Dupla;Reta;Urbano;3;3
469124;2008-12-25;Quinta;05:20:00;SP;116;152.0;SAO JOSE DOS CAMPOS;Outras;Colisão traseira;Sem Vítimas;Plena noite;Decrescente;Chuva;Dupla;Reta;Urbano;3;3
469139;2008-12-25;Quinta;05:20:00;SP;116;152.0;SAO JOSE DOS CAMPOS;Outras;Colisão traseira;Com Vítimas Fatais;Plena noite;Decrescente;Chuva;Dupla;Reta;Urbano;4;2
469172;2008-12-26;Sexta;11:57:00;SP;116;180.9;GUARAREMA;Animais na Pista;Saída de Pista;Sem Vítimas;Pleno dia;Decrescente;Nublado;Simples;Curva;Urbano;2;2
469193;2008-12-21;Domingo;17:00:00;SP;116;106.0;TAUBATE;Outras;Colisão traseira;Sem Vítimas;Pleno dia;Crescente;Chuva;Dupla;Reta;Urbano;2;2
469224;2008-12-21;Domingo;20:30:00;SP;116;108.0;TAUBATE;Outras;Queda de motocicleta / bicicleta / veículo;Sem Vítimas;Anoitecer;Crescente;Chuva;Simples;Reta;Urbano;1;1
469281;2008-12-25;Quinta;23:00:00;SP;116;114.8;TAUBATE;Outras;Colisão com objeto fixo;Sem Vítimas;Plena noite;Crescente;Chuva;Dupla;Reta;Urbano;1;1
469313;2008-12-26;Sexta;17:10:00;SP;116;131.0;CACAPAVA;Falta de atenção;Colisão traseira;Com Vítimas Feridas;Pleno dia;Crescente;Nublado;Dupla;Reta;Urbano;2;2
469339;2008-12-26;Sexta;10:45:00;SP;116;141.8;SAO JOSE DOS CAMPOS;Outras;Colisão traseira;Com Vítimas Feridas;Pleno dia;Crescente;Nublado;Dupla;Reta;Urbano;3;2
469418;2008-12-26;Sexta;20:15:00;SP;116;127.0;CACAPAVA;Falta de atenção;Colisão traseira;Sem Vítimas;Plena noite;Decrescente;Nublado;Dupla;Reta;Urbano;2;2
469581;2008-12-25;Quinta;04:50:00;SP;116;172.0;GUARAREMA;Falta de atenção;Tombamento;Com Vítimas Feridas;Plena noite;Decrescente;Chuva;Dupla;Reta;Rural;2;1
469610;2008-12-25;Quinta;05:20:00;SP;116;152.0;SAO JOSE DOS CAMPOS;Outras;Colisão traseira;Sem Vítimas;Plena noite;Decrescente;Chuva;Dupla;Reta;Urbano;2;2
469738;2008-12-27;Sábado;15:12:00;SP;116;140.0;SAO JOSE DOS CAMPOS;Outras;Colisão com objeto fixo;Com Vítimas Feridas;Pleno dia;Decrescente;Ceu Claro;Dupla;Reta;Urbano;3;1
469760;2008-12-23;Terça;17:12:00;SP;116;135.0;CACAPAVA;Outras;Colisão traseira;Sem Vítimas;Pleno dia;Crescente;Nublado;Dupla;Reta;Urbano;2;2
469774;2008-12-23;Terça;18:30:00;SP;116;101.0;PINDAMONHANGABA;Outras;Capotamento;Com Vítimas Feridas;Pleno dia;Decrescente;Ceu Claro;Dupla;Reta;Rural;1;1
469829;2008-12-25;Quinta;03:31:00;SP;116;215.0;GUARULHOS;Ingestão de álcool;Capotamento;Com Vítimas Feridas;Amanhecer;Crescente;Chuva;Múltipla;Reta;Urbano;1;1
469831;2008-12-26;Sexta;16:50:00;SP;116;145.6;SAO JOSE DOS CAMPOS;Velocidade incompatível;Colisão traseira;Com Vítimas Feridas;Pleno dia;Crescente;Chuva;Dupla;Reta;Urbano;2;2
470013;2008-12-23;Terça;12:30:00;SP;116;198.0;ARUJA;Falta de atenção;Colisão traseira;Sem Vítimas;Pleno dia;Decrescente;Chuva;Dupla;Reta;Urbano;2;2
470032;2008-12-28;Domingo;09:00:00;SP;116;111.5;TAUBATE;Defeito mecânico em veículo;Queda de motocicleta / bicicleta / veículo;Com Vítimas Feridas;Pleno dia;Crescente;Sol;Dupla;Reta;Urbano;2;1
470058;2008-12-22;Segunda;22:00:00;SP;116;181.0;SAO JOSE DOS CAMPOS;Outras;Colisão com objeto fixo;Sem Vítimas;Plena noite;Crescente;Nublado;Dupla;Reta;Rural;1;1
470069;2008-12-25;Quinta;14:00:00;SP;116;186.0;SAO JOSE DOS CAMPOS;Falta de atenção;Colisão com objeto fixo;Sem Vítimas;Pleno dia;Decrescente;Nublado;Dupla;Curva;Rural;1;1
470236;2008-12-27;Sábado;04:50:00;SP;116;155.0;SAO JOSE DOS CAMPOS;Ingestão de álcool;Colisão traseira;Com Vítimas Feridas;Plena noite;Crescente;Nublado;Dupla;Reta;Rural;3;2
470324;2008-12-29;Segunda;00:05:00;SP;116;162.0;JACAREI;Dormindo;Colisão lateral;Sem Vítimas;Plena noite;Decrescente;Nublado;Dupla;Reta;Rural;2;2
470325;2008-12-28;Domingo;21:15:00;SP;116;154.0;SAO JOSE DOS CAMPOS;Ingestão de álcool;Colisão traseira;Com Vítimas Feridas;Plena noite;Decrescente;Nublado;Dupla;Reta;Urbano;3;2
470385;2008-12-27;Sábado;01:20:00;SP;116;229.0;SAO PAULO;Outras;Colisão lateral;Sem Vítimas;Plena noite;Crescente;Nublado;Múltipla;Reta;Urbano;2;2
470396;2008-12-19;Sexta;22:12:00;SP;116;144.8;SAO JOSE DOS CAMPOS;Outras;Colisão traseira;Com Vítimas Fatais;Plena noite;Decrescente;Chuva;Dupla;Reta;Urbano;3;2
470474;2008-12-26;Sexta;02:15:00;SP;116;217.0;GUARULHOS;Outras;Capotamento;Sem Vítimas;Plena noite;Crescente;Ceu Claro;Múltipla;Reta;Urbano;1;1
470478;2008-12-25;Quinta;22:30:00;SP;116;226.0;GUARULHOS;Outras;Capotamento;Sem Vítimas;Plena noite;Crescente;Ceu Claro;Múltipla;Reta;Urbano;1;1
470507;2008-12-19;Sexta;20:00:00;SP;116;165.0;JACAREI;Outras;Colisão traseira;Sem Vítimas;Pleno dia;Crescente;Ceu Claro;Múltipla;Reta;Urbano;2;2
470532;2008-12-20;Sábado;05:00:00;SP;116;165.0;JACAREI;Outras;Colisão traseira;Sem Vítimas;Amanhecer;Decrescente;Ceu Claro;Múltipla;Reta;Urbano;2;2
470564;2008-12-24;Quarta;13:00:00;SP;116;157.0;SAO JOSE DOS CAMPOS;Outras;Colisão lateral;Sem Vítimas;Pleno dia;Crescente;Ceu Claro;Dupla;Reta;Urbano;2;2
470565;2008-12-29;Segunda;13:55:00;SP;116;222.0;GUARULHOS;Falta de atenção;Colisão lateral;Sem Vítimas;Pleno dia;Crescente;Ceu Claro;Múltipla;Cruzamento;Urbano;2;2
470599;2008-12-23;Terça;17:20:00;SP;116;145.0;SAO JOSE DOS CAMPOS;Outras;Colisão traseira;Com Vítimas Feridas;Pleno dia;Decrescente;Sol;Dupla;Reta;Urbano;5;3
470677;2008-12-24;Quarta;13:00:00;SP;116;184.0;SANTA ISABEL;Falta de atenção;Colisão com objeto fixo;Sem Vítimas;Pleno dia;Crescente;Sol;Dupla;Reta;Rural;1;1
470678;2008-12-21;Domingo;13:40:00;SP;116;220.0;GUARULHOS;Falta de atenção;Colisão traseira;Com Vítimas Feridas;Pleno dia;Decrescente;Ceu Claro;Múltipla;Reta;Urbano;2;2
470707;2008-12-29;Segunda;15:30:00;SP;116;190.0;SANTA ISABEL;Outras;Colisão com objeto fixo;Sem Vítimas;Pleno dia;Crescente;Sol;Dupla;Reta;Rural;2;2
470907;2008-12-27;Sábado;05:30:00;SP;116;137.0;SAO JOSE DOS CAMPOS;Outras;Colisão lateral;Sem Vítimas;Plena noite;Decrescente;Nublado;Dupla;Reta;Urbano;2;2
470939;2008-12-30;Terça;12:30:00;SP;116;161.3;JACAREI;Outras;Colisão traseira;Sem Vítimas;Pleno dia;Crescente;Sol;Simples;Reta;Rural;2;2
470953;2008-12-30;Terça;04:15:00;SP;116;220.0;GUARULHOS;Outras;Colisão com objeto fixo;Sem Vítimas;Plena noite;Decrescente;Ceu Claro;Múltipla;Reta;Urbano;1;1
471080;2008-12-29;Segunda;00:05:00;SP;116;122.1;CACAPAVA;Falta de atenção;Colisão com objeto fixo;Sem Vítimas;Plena noite;Crescente;Nublado;Dupla;Reta;Rural;2;2
471195;2008-12-30;Terça;21:10:00;SP;116;103.5;TAUBATE;Outras;Incêndio;Sem Vítimas;Plena noite;Decrescente;Ceu Claro;Dupla;Reta;Rural;1;1
471882;2008-12-27;Sábado;18:00:00;SP;116;219.0;GUARULHOS;Defeito mecânico em veículo;Queda de motocicleta / bicicleta / veículo;Com Vítimas Feridas;Pleno dia;Crescente;Sol;Múltipla;Reta;Urbano;1;1
471883;2008-12-31;Quarta;16:50:00;SP;116;161.8;JACAREI;Outras;Colisão lateral;Sem Vítimas;Pleno dia;Crescente;Chuva;Dupla;Reta;Urbano;2;2
471895;2008-12-31;Quarta;15:30:00;SP;116;151.0;SAO JOSE DOS CAMPOS;Outras;Colisão lateral;Sem Vítimas;Pleno dia;Crescente;Nublado;Múltipla;Reta;Rural;2;2
471910;2008-12-31;Quarta;16:10:00;SP;116;153.0;SAO JOSE DOS CAMPOS;Falta de atenção;Colisão traseira;Sem Vítimas;Pleno dia;Crescente;Nublado;Dupla;Reta;Rural;2;2
471912;2008-12-23;Terça;05:30:00;SP;116;229.0;SAO PAULO;Outras;Atropelamento de pessoa;Com Vítimas Feridas;Plena noite;Crescente;Ceu Claro;Múltipla;Reta;Urbano;2;1
471942;2008-12-31;Quarta;14:00:00;SP;116;102.0;TAUBATE;Falta de atenção;Tombamento;Com Vítimas Feridas;Pleno dia;Decrescente;Sol;Dupla;Reta;Rural;2;1
472011;2008-09-01;Segunda;07:28:00;SP;116;223.5;GUARULHOS;Dormindo;Colisão com objeto fixo;Com Vítimas Feridas;Amanhecer;Decrescente;Ceu Claro;Múltipla;Reta;Urbano;1;1
472186;2008-12-31;Quarta;09:15:00;SP;116;223.0;GUARULHOS;Outras;Queda de motocicleta / bicicleta / veículo;Com Vítimas Feridas;Pleno dia;Decrescente;Sol;Múltipla;Reta;Urbano;1;1
472374;2008-12-31;Quarta;16:50:00;SP;116;177.5;GUARAREMA;Velocidade incompatível;Colisão com objeto fixo;Sem Vítimas;Anoitecer;Crescente;Chuva;Dupla;Reta;Rural;5;4
472451;2008-12-31;Quarta;05:15:00;SP;116;133.0;CACAPAVA;Defeito mecânico em veículo;Colisão com objeto fixo;Sem Vítimas;Amanhecer;Decrescente;Ceu Claro;Dupla;Reta;Rural;1;1
472679;2008-12-31;Quarta;14:00:00;SP;116;222.0;GUARULHOS;Falta de atenção;Colisão lateral;Sem Vítimas;Pleno dia;Crescente;Ceu Claro;Múltipla;Reta;Urbano;2;2
472706;2008-12-28;Domingo;19:07:00;SP;116;145.0;SAO JOSE DOS CAMPOS;Outras;Colisão traseira;Com Vítimas Feridas;Anoitecer;Crescente;Ceu Claro;Dupla;Reta;Urbano;3;2
473495;2008-12-31;Quarta;23:00:00;SP;116;220.0;GUARULHOS;Outras;Colisão traseira;Sem Vítimas;Plena noite;Crescente;Nublado;Múltipla;Reta;Urbano;3;3
473525;2008-12-30;Terça;10:15:00;SP;116;207.0;GUARULHOS;Ingestão de álcool;Colisão traseira;Sem Vítimas;Pleno dia;Decrescente;Ceu Claro;Dupla;Reta;Urbano;2;2
474841;2008-01-06;Domingo;19:00:00;SP;116;210.0;GUARULHOS;Falta de atenção;Colisão com bicicleta;Com Vítimas Feridas;Anoitecer;Decrescente;Nublado;Simples;Reta;Urbano;2;2
475886;2008-12-18;Quinta;16:50:00;SP;116;151.0;SAO JOSE DOS CAMPOS;Defeito na via;Colisão traseira;Sem Vítimas;Pleno dia;Crescente;Chuva;Múltipla;Reta;Urbano;2;2
476755;2008-01-12;Sábado;19:15:00;SP;116;220.0;GUARULHOS;Falta de atenção;Colisão traseira;Sem Vítimas;Pleno dia;Decrescente;Sol;Múltipla;Reta;Urbano;2;2
477421;2008-10-17;Sexta;22:30:00;SP;116;223.0;GUARULHOS;Falta de atenção;Colisão traseira;Sem Vítimas;Plena noite;Decrescente;Ceu Claro;Múltipla;Reta;Urbano;3;3
480565;2008-08-08;Sexta;11:50:00;SP;116;225.7;GUARULHOS;Não guardar distância de segurança;Colisão traseira;Sem Vítimas;Pleno dia;Decrescente;Chuva;Múltipla;Reta;Urbano;2;2
482268;2008-11-14;Sexta;13:20:00;SP;116;146.0;SAO JOSE DOS CAMPOS;Não guardar distância de segurança;Colisão traseira;Sem Vítimas;Pleno dia;Crescente;Chuva;Dupla;Reta;Urbano;2;2
482823;2008-01-24;Quinta;22:00:00;SP;116;218.0;GUARULHOS;Falta de atenção;Capotamento;Com Vítimas Feridas;Plena noite;Crescente;Nublado;Múltipla;Reta;Urbano;2;1
483103;2008-12-16;Terça;18:50:00;SP;116;152.5;SAO JOSE DOS CAMPOS;Outras;Colisão traseira;Sem Vítimas;Anoitecer;Crescente;Chuva;Simples;Reta;Urbano;2;2
485334;2008-01-29;Terça;04:10:00;SP;116;227.8;SAO PAULO;Falta de atenção;Colisão lateral;Com Vítimas Feridas;Plena noite;Decrescente;Nublado;Múltipla;Reta;Urbano;2;2
488230;2008-01-29;Terça;22:30:00;SP;116;102.0;PINDAMONHANGABA;Falta de atenção;Colisão lateral;Sem Vítimas;Plena noite;Crescente;Chuva;Múltipla;Reta;Rural;2;2
491138;2008-02-20;Quarta;18:00:00;SP;116;147.5;SAO JOSE DOS CAMPOS;Outras;Colisão traseira;Sem Vítimas;Anoitecer;Decrescente;Chuva;Múltipla;Reta;Urbano;3;3
496671;2008-12-05;Sexta;01:10:00;SP;116;145.5;SAO JOSE DOS CAMPOS;Falta de atenção;Colisão traseira;Sem Vítimas;Plena noite;Decrescente;Ceu Claro;Dupla;Reta;Urbano;3;3
508311;2008-11-28;Sexta;18:45:00;SP;116;134.3;SAO JOSE DOS CAMPOS;Outras;Colisão lateral;Sem Vítimas;Anoitecer;Decrescente;Nublado;Dupla;Reta;Rural;2;2
523308;2008-01-17;Quinta;11:00:00;SP;116;163.4;SAO JOSE DOS CAMPOS;Não guardar distância de segurança;Colisão traseira;Sem Vítimas;Pleno dia;Crescente;Ceu Claro;Dupla;Reta;Urbano;3;3
526732;2008-12-12;Sexta;20:30:00;SP;116;227.6;SAO PAULO;Velocidade incompatível;Colisão traseira;Com Vítimas Feridas;Plena noite;Decrescente;Ceu Claro;Múltipla;Reta;Urbano;7;5
529257;2008-05-14;Quarta;23:30:00;SP;116;198.0;ARUJA;Falta de atenção;Colisão com objeto fixo;Sem Vítimas;Plena noite;Decrescente;Chuva;Múltipla;Reta;Rural;1;1
535802;2008-09-18;Quinta;10:00:00;SP;116;220.0;GUARULHOS;Falta de atenção;Colisão traseira;Sem Vítimas;Pleno dia;Decrescente;Ceu Claro;Múltipla;Reta;Urbano;2;2
544584;2008-09-15;Segunda;18:00:00;SP;116;173.0;JACAREI;Outras;Colisão com objeto móvel;Sem Vítimas;Anoitecer;Crescente;Ceu Claro;Dupla;Reta;Rural;1;1
563864;2008-05-11;Domingo;23:00:00;SP;116;213.9;GUARULHOS;Outras;Queda de motocicleta / bicicleta / veículo;Com Vítimas Feridas;Plena noite;Decrescente;Nublado;Múltipla;Reta;Urbano;2;1
595832;2008-07-03;Quinta;08:50:00;SP;116;219.0;GUARULHOS;Falta de atenção;Colisão traseira;Sem Vítimas;Pleno dia;Crescente;Ceu Claro;Múltipla;Reta;Urbano;2;2
648867;2008-12-21;Domingo;21:15:00;SP;116;199.0;ARUJA;Outras;Capotamento;Sem Vítimas;Plena noite;Crescente;Chuva;Múltipla;Reta;Urbano;1;1